Sun Sep 28 04:00:00 +0000 2014, 4470503, 1575499, 2649595, 862802, 775489, 747781
Tue Apr 30 04:00:00 +0000 2013, 4544694, 1012443, 2536590, 535838, 220885, 568012
Fri Jun 28 04:00:00 +0000 2013, 4525325, 1020860, 2569206, 519247, 256557, 533463
Mon Sep 1 04:00:00 +0000 2014, 4578636, 1686444, 2782045, 853276, 824533, 750950
Fri Mar 1 05:00:00 +0000 2013, 2, 0, 0, 0, 0, 0
Sat Jun 1 04:00:00 +0000 2013, 4572133, 1100645, 2581483, 515970, 285879, 601784
Fri Oct 3 04:00:00 +0000 2014, 4088306, 1402680, 2369099, 900375, 707399, 702036
Sun May 5 04:00:00 +0000 2013, 4748579, 1099481, 2680300, 501776, 268250, 581905
Wed Jul 3 04:00:00 +0000 2013, 4545663, 1066802, 2540793, 542326, 262375, 537478
Sat Sep 6 04:00:00 +0000 2014, 4166165, 1430276, 2433222, 840531, 719292, 667021
Wed Mar 6 05:00:00 +0000 2013, 1, 0, 0, 0, 0, 0
Thu Jun 6 04:00:00 +0000 2013, 4529800, 1022530, 2546205, 548052, 238856, 558205
Wed Oct 8 04:00:00 +0000 2014, 4166202, 1421431, 2407790, 927247, 694090, 696251
Mon Jul 8 04:00:00 +0000 2013, 4770065, 1100610, 2711064, 565112, 270563, 545563
Thu Sep 11 04:00:00 +0000 2014, 4239972, 1449359, 2442299, 903525, 728581, 787232
Tue Jun 11 04:00:00 +0000 2013, 4630507, 1060039, 2600387, 543561, 238346, 552723
Mon Oct 13 04:00:00 +0000 2014, 4500269, 1556687, 2654846, 933024, 762147, 814174
Sat Jul 13 04:00:00 +0000 2013, 4500048, 1027308, 2528197, 508794, 267134, 512396
Tue Sep 16 04:00:00 +0000 2014, 4304660, 1492473, 2510595, 905868, 741303, 778667
Thu Apr 12 04:00:00 +0000 2012, 2, 0, 1, 0, 0, 0
Sun Jun 16 04:00:00 +0000 2013, 4649029, 1085157, 2629694, 478069, 281205, 539102
Sat Oct 18 04:00:00 +0000 2014, 4196129, 1472151, 2454970, 835188, 740706, 779527
Thu Jul 18 04:00:00 +0000 2013, 4741867, 1111515, 2683479, 592783, 277804, 625554
Fri Jun 21 04:00:00 +0000 2013, 4484052, 1001420, 2520743, 530628, 240285, 545690
Mon Aug 19 04:00:00 +0000 2013, 4771446, 1107276, 2712228, 567189, 300281, 565065
Thu Oct 23 04:00:00 +0000 2014, 4128699, 1439128, 2389273, 961385, 697759, 746802
Tue Jul 23 04:00:00 +0000 2013, 5045925, 1213743, 2898445, 593242, 298434, 670755
Wed Jun 26 04:00:00 +0000 2013, 4704107, 1097897, 2680615, 554087, 259967, 553522
Sat Aug 24 04:00:00 +0000 2013, 4513072, 1029762, 2510946, 528279, 304646, 537585
Tue Oct 28 04:00:00 +0000 2014, 4304512, 1495480, 2488272, 974079, 729388, 871465
Sun Jul 28 04:00:00 +0000 2013, 4701570, 1096125, 2668005, 527528, 302664, 567180
Thu Aug 29 04:00:00 +0000 2013, 4588050, 1065124, 2568762, 580962, 288754, 564618
Sun Nov 2 04:00:00 +0000 2014, 4654962, 1681751, 2777090, 929895, 847624, 805224
Fri Aug 2 04:00:00 +0000 2013, 4740063, 1103552, 2635117, 496425, 161826, 592506
Tue Jan 31 05:00:00 +0000 2012, 1, 0, 0, 0, 0, 0
Wed May 2 04:00:00 +0000 2012, 1, 0, 0, 0, 0, 0
Tue Sep 3 04:00:00 +0000 2013, 4525828, 1062267, 2517933, 572109, 290200, 542364
Sun Jun 3 04:00:00 +0000 2012, 1, 0, 0, 0, 0, 0
Wed Aug 7 04:00:00 +0000 2013, 4979138, 1119993, 2878356, 492116, 142368, 612549
Sat Oct 5 04:00:00 +0000 2013, 4336759, 1015936, 2393358, 523910, 300297, 542622
Thu Nov 6 05:00:00 +0000 2014, 4285688, 1530686, 2518766, 1007025, 784179, 964111
Sun Feb 5 05:00:00 +0000 2012, 1, 0, 0, 0, 0, 0
Sun Sep 8 04:00:00 +0000 2013, 4832874, 1156152, 2695790, 584349, 338588, 578670
Mon Aug 12 04:00:00 +0000 2013, 4934582, 1170999, 2846385, 493952, 148051, 586151
Tue Nov 11 05:00:00 +0000 2014, 4365310, 1549064, 2635879, 1013884, 789851, 870220
Thu Oct 10 04:00:00 +0000 2013, 4192235, 991716, 2299966, 557457, 271398, 533529
Fri Feb 10 05:00:00 +0000 2012, 1, 0, 0, 0, 0, 1
Fri Sep 13 04:00:00 +0000 2013, 4362376, 991043, 2403188, 581533, 273231, 556521
Sun Nov 16 05:00:00 +0000 2014, 4487619, 1659777, 2689347, 933625, 879175, 869237
Tue Oct 15 04:00:00 +0000 2013, 4637692, 1069819, 2561167, 582359, 278482, 553018
Thu May 17 04:00:00 +0000 2012, 1, 0, 0, 0, 0, 0
Wed Sep 18 04:00:00 +0000 2013, 4348690, 977572, 2355378, 589257, 262658, 540085
Sun Oct 20 04:00:00 +0000 2013, 4570990, 1104739, 2522783, 571509, 326151, 543436
Fri Nov 21 05:00:00 +0000 2014, 4087860, 1449208, 2349587, 995020, 794993, 768382
Sat Mar 19 04:00:00 +0000 2011, 1, 0, 1, 0, 0, 0
Mon Sep 23 04:00:00 +0000 2013, 4395336, 1014310, 2421130, 574496, 279612, 525322
Fri Oct 25 04:00:00 +0000 2013, 4226643, 979562, 2283542, 620800, 270516, 563298
Wed Nov 26 05:00:00 +0000 2014, 4298878, 1564369, 2522023, 1034809, 835978, 758141
Wed Jul 25 04:00:00 +0000 2012, 1, 0, 0, 0, 0, 0
Sat Sep 28 04:00:00 +0000 2013, 4400654, 1025938, 2420588, 532003, 294813, 559216
Sun Dec 28 05:00:00 +0000 2014, 4239253, 1517762, 2499222, 967025, 803911, 633471
Wed Oct 30 04:00:00 +0000 2013, 4300790, 1051137, 2329674, 641916, 307971, 551225
Mon Dec 1 05:00:00 +0000 2014, 4292510, 1532633, 2523400, 1044429, 825853, 726121
Tue Nov 4 05:00:00 +0000 2014, 4259671, 1519403, 2524358, 959479, 763347, 891535
Thu Oct 3 04:00:00 +0000 2013, 4192278, 970113, 2282431, 588975, 264044, 523805
Fri Jan 2 05:00:00 +0000 2015, 4435133, 1628367, 2665471, 940453, 841135, 713528
Sat Apr 4 04:00:00 +0000 2015, 4704481, 1825104, 2929563, 1114768, 1095284, 880640
Sat Dec 6 05:00:00 +0000 2014, 4313443, 1562258, 2541927, 994023, 849987, 787761
Sat Aug 4 04:00:00 +0000 2012, 1, 0, 0, 0, 0, 0
Wed Jan 7 05:00:00 +0000 2015, 4493850, 1682938, 2725930, 1014504, 875147, 741241
Thu Apr 9 04:00:00 +0000 2015, 4228811, 1563122, 2513832, 1088267, 901948, 714296
Sun Jul 8 04:00:00 +0000 2012, 1, 0, 0, 0, 0, 0
Thu Dec 11 05:00:00 +0000 2014, 4204768, 1524925, 2466901, 1059132, 833748, 756165
Fri Mar 13 04:00:00 +0000 2015, 4232938, 1503071, 2451403, 1031861, 879591, 766209
Mon Jan 12 05:00:00 +0000 2015, 4506966, 1720319, 2759736, 1110830, 961117, 723429
Tue Apr 14 04:00:00 +0000 2015, 4147546, 1507564, 2448921, 1076379, 856811, 676695
Fri Jul 13 04:00:00 +0000 2012, 1, 0, 0, 0, 0, 1
Tue Dec 16 05:00:00 +0000 2014, 4294214, 1534636, 2525351, 1050377, 813571, 735103
Fri Feb 13 05:00:00 +0000 2015, 4327779, 1605310, 2572827, 1153457, 960749, 704138
Wed Mar 18 04:00:00 +0000 2015, 4574274, 1656441, 2656724, 1135075, 952702, 818314
Sat Jan 17 05:00:00 +0000 2015, 4350873, 1679474, 2653119, 1107055, 979534, 697076
Sat Feb 12 05:00:00 +0000 2011, 1, 0, 0, 0, 0, 0
Sun Apr 19 04:00:00 +0000 2015, 4335465, 1637261, 2613381, 1043823, 918250, 685079
Sun Dec 21 05:00:00 +0000 2014, 4344356, 1634776, 2634066, 987337, 899001, 693775
Wed Feb 18 05:00:00 +0000 2015, 4641947, 1846934, 2857570, 1311565, 1133355, 695389
Mon Mar 23 04:00:00 +0000 2015, 4503394, 1704654, 2719350, 1147162, 1015602, 832076
Thu Jan 22 05:00:00 +0000 2015, 4486705, 1722961, 2707119, 1147911, 982042, 740068
Fri Apr 24 04:00:00 +0000 2015, 4101171, 1502010, 2416885, 1127967, 908320, 673802
Thu Sep 20 04:00:00 +0000 2012, 1, 0, 0, 0, 0, 1
Mon Feb 23 05:00:00 +0000 2015, 4595814, 1820350, 2807476, 1310355, 1137477, 762683
Sat Mar 28 04:00:00 +0000 2015, 4852287, 1950636, 2971950, 1072762, 1178923, 1261653
Tue May 26 04:00:00 +0000 2015, 3876596, 1388204, 2292865, 922065, 801555, 632379
Fri Aug 24 04:00:00 +0000 2012, 1, 0, 0, 0, 0, 0
Mon Oct 22 04:00:00 +0000 2012, 1, 0, 0, 0, 0, 0
Sat Nov 23 05:00:00 +0000 2013, 4703753, 1252306, 2582980, 613275, 417203, 778821
Tue Jan 27 05:00:00 +0000 2015, 4449919, 1665045, 2684072, 1166167, 647575, 701622
Wed Apr 29 04:00:00 +0000 2015, 4312345, 1608157, 2551058, 1207312, 943146, 705649
Sat Feb 28 05:00:00 +0000 2015, 4457694, 1756722, 2742631, 1170382, 1104336, 757881
Thu Apr 2 04:00:00 +0000 2015, 4502851, 1695132, 2757014, 1143367, 1011712, 814589
Sun May 31 04:00:00 +0000 2015, 3430207, 1216479, 2017040, 738824, 735117, 668155
Thu Nov 28 05:00:00 +0000 2013, 4291139, 1119987, 2339702, 633085, 366698, 640399
Sun Feb 1 05:00:00 +0000 2015, 4981205, 1982297, 3071857, 1160279, 1161755, 793935
Mon May 4 04:00:00 +0000 2015, 4379816, 1644510, 2636301, 1180799, 1004119, 736107
Sun Sep 30 04:00:00 +0000 2012, 1, 0, 0, 0, 0, 0
Thu Mar 5 05:00:00 +0000 2015, 4577154, 1867174, 2835636, 1357093, 1202149, 764922
Fri Jul 1 04:00:00 +0000 2011, 1, 0, 0, 0, 0, 1
Tue Dec 3 05:00:00 +0000 2013, 4340450, 1176694, 2392663, 678166, 360380, 683001
Fri Feb 6 05:00:00 +0000 2015, 4338188, 1658475, 2616929, 1178060, 931346, 721405
Sat May 9 04:00:00 +0000 2015, 4011445, 1424997, 2334541, 950475, 844696, 667107
Wed Nov 6 05:00:00 +0000 2013, 4302565, 1098467, 2345078, 631946, 333366, 618227
Sun Dec 8 05:00:00 +0000 2013, 4663947, 1309401, 2626864, 611498, 440148, 670241
Wed Feb 11 05:00:00 +0000 2015, 4383623, 1651995, 2640813, 1203103, 990743, 712998
Mon Mar 10 04:00:00 +0000 2014, 4391628, 1333487, 2475493, 797137, 564378, 671174
Thu May 14 04:00:00 +0000 2015, 3966828, 1441685, 2351293, 1007414, 842568, 647696
Wed Oct 10 04:00:00 +0000 2012, 1, 0, 0, 0, 0, 0
Mon Nov 11 05:00:00 +0000 2013, 4399863, 1156040, 2437447, 637057, 354334, 584927
Fri Dec 13 05:00:00 +0000 2013, 4088265, 1057805, 2259319, 608743, 349238, 577285
Sat Mar 15 04:00:00 +0000 2014, 4443551, 1362470, 2564658, 770612, 601973, 702042
Tue May 19 04:00:00 +0000 2015, 3893883, 1413073, 2310883, 945986, 810169, 626013
Mon Oct 15 04:00:00 +0000 2012, 1, 0, 0, 0, 0, 0
Sat Nov 16 05:00:00 +0000 2013, 4399241, 1135863, 2433029, 607131, 372082, 640076
Tue Jan 14 05:00:00 +0000 2014, 4150812, 1155083, 2329262, 665025, 443852, 506959
Wed Dec 18 05:00:00 +0000 2013, 4364235, 1175136, 2424439, 671544, 374166, 580383
Thu Mar 20 04:00:00 +0000 2014, 4497928, 1384621, 2582644, 803669, 586466, 698128
Thu Nov 21 05:00:00 +0000 2013, 4264165, 1111718, 2344712, 652855, 336172, 628810
Sun Jan 19 05:00:00 +0000 2014, 4520329, 1285938, 2563114, 658752, 529732, 564872
Mon Apr 21 04:00:00 +0000 2014, 4493012, 1471964, 2633347, 755928, 647848, 672601
Mon Dec 23 05:00:00 +0000 2013, 4626317, 1254841, 2594653, 682462, 436165, 603188
Tue Mar 25 04:00:00 +0000 2014, 4495083, 1434232, 2628442, 733523, 600040, 692193
Fri Jan 24 05:00:00 +0000 2014, 4179186, 1151455, 2330872, 701764, 475632, 545396
Sat Apr 26 04:00:00 +0000 2014, 4260275, 1390362, 2489005, 665427, 658032, 633488
Sat Dec 28 05:00:00 +0000 2013, 4395505, 1175257, 2487106, 613192, 412999, 582048
Sun Mar 30 04:00:00 +0000 2014, 4820979, 1608537, 2867200, 680496, 676634, 712020
Wed Jan 29 05:00:00 +0000 2014, 4407765, 1240245, 2463657, 760848, 486141, 560711
Thu May 1 04:00:00 +0000 2014, 4369629, 1423748, 2563399, 733871, 661879, 667008
Wed Sep 28 04:00:00 +0000 2011, 1, 0, 1, 0, 0, 0
Thu Jan 2 05:00:00 +0000 2014, 4532981, 1252609, 2594119, 630794, 443741, 522188
Sun Mar 2 05:00:00 +0000 2014, 4698275, 1492946, 2681726, 707949, 671659, 764184
Fri Apr 4 04:00:00 +0000 2014, 4443450, 1388257, 2555248, 832663, 617594, 701568
Mon Feb 3 05:00:00 +0000 2014, 4360842, 1256095, 2479036, 662612, 499323, 575360
Tue May 6 04:00:00 +0000 2014, 4400825, 1423640, 2560778, 748073, 652841, 681901
Tue Jan 7 05:00:00 +0000 2014, 4440737, 1234945, 2505686, 653515, 419282, 560397
Fri Mar 7 05:00:00 +0000 2014, 4243044, 1252050, 2385598, 763359, 536441, 643070
Wed Apr 9 04:00:00 +0000 2014, 4391557, 1398671, 2521780, 739528, 601927, 710206
Sat Feb 8 05:00:00 +0000 2014, 4417686, 1272105, 2502119, 673908, 568958, 585937
Sun May 11 04:00:00 +0000 2014, 4556983, 1542504, 2693603, 710018, 733379, 679215
Mon Apr 14 04:00:00 +0000 2014, 4366096, 1432577, 2543946, 755723, 624905, 652326
Thu Jun 12 04:00:00 +0000 2014, 4794889, 1570132, 2786395, 810107, 724085, 747204
Sun Sep 11 04:00:00 +0000 2011, 1, 0, 0, 0, 0, 0
Mon Dec 10 05:00:00 +0000 2012, 1, 0, 1, 0, 0, 0
Thu Feb 13 05:00:00 +0000 2014, 4495694, 1334030, 2549311, 757995, 571387, 629412
Fri May 16 04:00:00 +0000 2014, 4218056, 1384690, 2454119, 743531, 642332, 707622
Sat Apr 19 04:00:00 +0000 2014, 4378662, 1392349, 2541899, 687011, 652589, 684726
Tue Jun 17 04:00:00 +0000 2014, 4473075, 1471638, 2589005, 784285, 694594, 685957
Tue Feb 18 05:00:00 +0000 2014, 4430434, 1378533, 2547385, 765360, 556684, 607612
Wed May 21 04:00:00 +0000 2014, 4301375, 1381653, 2497980, 763248, 642329, 670675
Sun Jun 22 04:00:00 +0000 2014, 4523427, 1511553, 2658797, 766504, 702035, 659774
Sun Feb 23 05:00:00 +0000 2014, 4518820, 1406117, 2616592, 686739, 598984, 627575
Mon May 26 04:00:00 +0000 2014, 4463216, 1475372, 2613665, 765034, 699465, 670858
Fri Nov 23 05:00:00 +0000 2012, 2, 0, 1, 1, 0, 2
Sun Oct 23 04:00:00 +0000 2011, 1, 0, 0, 0, 0, 1
Fri Jun 27 04:00:00 +0000 2014, 4322562, 1420029, 2554448, 789580, 682471, 667113
Tue Dec 25 05:00:00 +0000 2012, 1, 0, 0, 0, 0, 0
Fri Feb 28 05:00:00 +0000 2014, 4233661, 1259964, 2390295, 713885, 533092, 656284
Wed Mar 27 04:00:00 +0000 2013, 2, 0, 0, 0, 0, 1
Sat May 31 04:00:00 +0000 2014, 4273113, 1381916, 2493919, 686250, 674111, 616280
Tue Jul 29 04:00:00 +0000 2014, 4603558, 1605036, 2730599, 908613, 772914, 770234
Wed Jul 2 04:00:00 +0000 2014, 4472739, 1471043, 2657868, 803492, 702965, 716740
Sun Dec 30 05:00:00 +0000 2012, 1, 0, 0, 0, 0, 0
Mon Apr 1 04:00:00 +0000 2013, 4719289, 1068611, 2687823, 535889, 235869, 586129
Thu Jun 5 04:00:00 +0000 2014, 4423665, 1436961, 2601026, 776532, 676956, 707148
Sun Aug 3 04:00:00 +0000 2014, 4513678, 1580882, 2685123, 827349, 790187, 708715
Mon Jul 7 04:00:00 +0000 2014, 4645320, 1579185, 2797073, 874718, 756576, 738713
Sat Apr 6 04:00:00 +0000 2013, 4520690, 971097, 2541432, 511514, 238424, 558390
Fri Aug 8 04:00:00 +0000 2014, 4558818, 1625667, 2744105, 874267, 816232, 763616
Sat Dec 8 05:00:00 +0000 2012, 1, 0, 1, 0, 0, 1
Tue Feb 5 05:00:00 +0000 2013, 1, 0, 0, 1, 0, 1
Wed May 8 04:00:00 +0000 2013, 4502209, 1003574, 2545556, 547627, 220080, 575616
Sat Jul 12 04:00:00 +0000 2014, 4553650, 1555182, 2700373, 760204, 759201, 720222
Wed Jan 9 05:00:00 +0000 2013, 1, 0, 0, 0, 0, 0
Thu Apr 11 04:00:00 +0000 2013, 4305324, 955381, 2415134, 520442, 209189, 553422
Wed Aug 13 04:00:00 +0000 2014, 4581355, 1649145, 2795142, 844193, 830372, 762601
Fri Mar 15 04:00:00 +0000 2013, 1, 0, 0, 0, 0, 0
Mon May 13 04:00:00 +0000 2013, 4429692, 986821, 2510609, 519972, 222077, 539445
Thu Jul 17 04:00:00 +0000 2014, 4581370, 1575004, 2744536, 903220, 749143, 771825
Mon Jan 14 05:00:00 +0000 2013, 1, 0, 0, 0, 0, 1
Tue Apr 16 04:00:00 +0000 2013, 4414365, 1041029, 2503108, 536878, 214293, 558406
Mon Aug 18 04:00:00 +0000 2014, 4575615, 1651307, 2766357, 847736, 834936, 902315
Fri Feb 15 05:00:00 +0000 2013, 4, 0, 0, 0, 0, 0
Sat May 18 04:00:00 +0000 2013, 4418227, 976634, 2466852, 481757, 253360, 567200
Tue Jul 22 04:00:00 +0000 2014, 4946407, 1737754, 2981319, 925385, 832163, 927550
Fri Sep 19 04:00:00 +0000 2014, 4118470, 1390888, 2360850, 892722, 709230, 715034
Sun Apr 21 04:00:00 +0000 2013, 4620499, 1071699, 2614252, 506006, 258340, 572368
Sat Aug 23 04:00:00 +0000 2014, 4615173, 1658082, 2740659, 851706, 838743, 1008151
Wed Feb 20 05:00:00 +0000 2013, 1, 0, 0, 0, 0, 0
Thu May 23 04:00:00 +0000 2013, 4350310, 957762, 2443605, 539353, 222074, 549011
Sun Jul 27 04:00:00 +0000 2014, 4705500, 1661663, 2780026, 840564, 810024, 806260
Wed Sep 24 04:00:00 +0000 2014, 4264686, 1473735, 2468538, 941029, 729519, 715189
Mon Nov 21 05:00:00 +0000 2011, 1, 0, 0, 0, 0, 0
Thu Jan 24 05:00:00 +0000 2013, 2, 0, 0, 0, 0, 0
Fri Apr 26 04:00:00 +0000 2013, 4268215, 920343, 2395324, 521530, 207804, 542393
Thu Aug 28 04:00:00 +0000 2014, 4382988, 1577257, 2641052, 850643, 783553, 757906
Tue May 28 04:00:00 +0000 2013, 4536541, 1034678, 2546440, 540097, 228448, 565918
Mon Sep 29 04:00:00 +0000 2014, 4238532, 1471364, 2477355, 914032, 704429, 677595
Wed May 1 04:00:00 +0000 2013, 4550369, 1029508, 2545459, 526224, 226679, 563615
Sat Jun 29 04:00:00 +0000 2013, 4368611, 969746, 2456216, 469891, 265340, 486156
Tue Sep 2 04:00:00 +0000 2014, 4266120, 1484314, 2524632, 866062, 707695, 715673
Sat Mar 2 05:00:00 +0000 2013, 1, 0, 1, 0, 0, 0
Sun Jun 2 04:00:00 +0000 2013, 4729965, 1162979, 2690033, 508504, 292113, 593756
Sat Oct 4 04:00:00 +0000 2014, 4218049, 1423957, 2440761, 842818, 736046, 705889
Mon May 6 04:00:00 +0000 2013, 4560529, 1018107, 2555940, 535254, 236940, 567430
Thu Jul 4 04:00:00 +0000 2013, 4453119, 1016849, 2497108, 535750, 260492, 513089
Sun Sep 7 04:00:00 +0000 2014, 4409875, 1530191, 2585317, 863915, 757081, 681881
Mon Jan 2 05:00:00 +0000 2012, 1, 0, 0, 0, 0, 0
Thu Mar 7 05:00:00 +0000 2013, 1, 0, 0, 0, 0, 0
Fri Jun 7 04:00:00 +0000 2013, 4483887, 978657, 2501291, 542202, 235230, 561398
Thu Oct 9 04:00:00 +0000 2014, 4180916, 1436373, 2423536, 933375, 693863, 738006
Tue Jul 9 04:00:00 +0000 2013, 4820673, 1114012, 2758343, 572447, 268280, 566220
Fri Sep 12 04:00:00 +0000 2014, 4130950, 1409944, 2390434, 867515, 717630, 759637
Wed Jun 12 04:00:00 +0000 2013, 4392534, 1011353, 2502819, 489511, 245559, 506647
Tue Oct 14 04:00:00 +0000 2014, 4329255, 1521182, 2543325, 940203, 720512, 816642
Sun Jul 14 04:00:00 +0000 2013, 4620592, 1104335, 2611503, 515257, 289200, 538208
Fri Apr 13 04:00:00 +0000 2012, 1, 0, 0, 0, 0, 0
Mon Jun 17 04:00:00 +0000 2013, 4537791, 1043109, 2564982, 526503, 250001, 542736
Thu Aug 15 04:00:00 +0000 2013, 4825978, 1114362, 2768587, 579793, 298359, 609322
Sun Oct 19 04:00:00 +0000 2014, 4409006, 1564514, 2615144, 847153, 763731, 795383
Fri Jul 19 04:00:00 +0000 2013, 4675413, 1067474, 2624390, 590421, 271266, 567042
Sat Jun 22 04:00:00 +0000 2013, 4397381, 987449, 2457128, 483936, 260735, 502941
Tue Aug 20 04:00:00 +0000 2013, 4749272, 1115250, 2689970, 579559, 308424, 583148
Fri Oct 24 04:00:00 +0000 2014, 4127250, 1440910, 2389138, 952901, 705285, 794833
Wed Dec 21 05:00:00 +0000 2011, 1, 0, 0, 1, 0, 0
Thu Mar 22 04:00:00 +0000 2012, 1, 0, 0, 0, 0, 1
Wed Jul 24 04:00:00 +0000 2013, 4927047, 1164106, 2805584, 583734, 286640, 628114
Sun Jan 22 05:00:00 +0000 2012, 1, 0, 0, 0, 0, 1
Sun Aug 25 04:00:00 +0000 2013, 5103155, 1266937, 2841705, 511873, 337705, 624745
Wed Oct 29 04:00:00 +0000 2014, 4267645, 1480119, 2473338, 991966, 726193, 830231
Tue Mar 27 04:00:00 +0000 2012, 1, 0, 0, 0, 0, 1
Mon Jul 29 04:00:00 +0000 2013, 4806235, 1123502, 2739709, 581660, 301179, 565648
Sat Apr 28 04:00:00 +0000 2012, 1, 0, 0, 0, 0, 0
Fri Aug 30 04:00:00 +0000 2013, 4588238, 1034595, 2544319, 575512, 287785, 563627
Tue Feb 28 05:00:00 +0000 2012, 1, 0, 0, 0, 0, 0
Sat Aug 3 04:00:00 +0000 2013, 4445295, 1018020, 2480444, 437259, 142295, 561332
Wed Sep 4 04:00:00 +0000 2013, 4455981, 1026702, 2471830, 580687, 274226, 536848
Sun Mar 4 05:00:00 +0000 2012, 1, 0, 0, 0, 0, 0
Thu Aug 8 04:00:00 +0000 2013, 4644198, 1048255, 2635777, 480976, 138130, 563297
Fri Nov 7 05:00:00 +0000 2014, 4272345, 1546155, 2509506, 990844, 776610, 1048440
Sun Oct 6 04:00:00 +0000 2013, 4681961, 1119848, 2607547, 540294, 322835, 593811
Mon Feb 6 05:00:00 +0000 2012, 2, 0, 0, 0, 0, 1
Tue May 8 04:00:00 +0000 2012, 1, 0, 0, 0, 0, 0
Mon Sep 9 04:00:00 +0000 2013, 4451795, 1046699, 2425561, 607659, 272088, 527479
Fri Mar 9 05:00:00 +0000 2012, 1, 0, 1, 1, 0, 1
Tue Aug 13 04:00:00 +0000 2013, 4831642, 1131257, 2789977, 500446, 177498, 590630
Fri Oct 11 04:00:00 +0000 2013, 4213052, 980733, 2311653, 557848, 268723, 541592
Wed Nov 12 05:00:00 +0000 2014, 4172223, 1491562, 2474804, 982884, 751071, 761870
Sat Feb 11 05:00:00 +0000 2012, 1, 0, 0, 0, 0, 1
Sat Sep 14 04:00:00 +0000 2013, 4567666, 1046508, 2496982, 565435, 313785, 546138
Thu Jun 14 04:00:00 +0000 2012, 2, 0, 1, 0, 0, 1
Mon Nov 17 05:00:00 +0000 2014, 4318653, 1550051, 2558509, 999366, 810031, 834956
Wed Oct 16 04:00:00 +0000 2013, 4341876, 1007570, 2397847, 602229, 273921, 526125
Fri May 18 04:00:00 +0000 2012, 1, 0, 0, 0, 0, 1
Thu Sep 19 04:00:00 +0000 2013, 4210121, 936516, 2279789, 572567, 250872, 517878
Tue Jun 19 04:00:00 +0000 2012, 3, 0, 0, 0, 0, 1
Sat Nov 22 05:00:00 +0000 2014, 4252712, 1531052, 2493191, 964585, 832027, 798734
Mon Oct 21 04:00:00 +0000 2013, 4430563, 1056740, 2435873, 625463, 281032, 553691
Wed May 23 04:00:00 +0000 2012, 1, 0, 0, 0, 0, 0
Tue Sep 24 04:00:00 +0000 2013, 4236762, 987810, 2317795, 574451, 257193, 516249
Sun Jun 24 04:00:00 +0000 2012, 1, 0, 0, 0, 0, 0
Thu Nov 27 05:00:00 +0000 2014, 4175089, 1489857, 2429876, 1000697, 809864, 736012
Sat Oct 26 04:00:00 +0000 2013, 4336861, 1013128, 2356280, 568970, 298565, 571420
Sun Sep 29 04:00:00 +0000 2013, 4635691, 1109813, 2557230, 539758, 306992, 582429
Mon Dec 29 05:00:00 +0000 2014, 4549887, 1635925, 2737977, 1010174, 852605, 668405
Thu Oct 31 04:00:00 +0000 2013, 4131374, 994266, 2218732, 642968, 324487, 550045
Tue Dec 2 05:00:00 +0000 2014, 4255931, 1523306, 2507299, 1068463, 813798, 751191
Wed Mar 30 04:00:00 +0000 2011, 1, 0, 0, 0, 0, 0
Wed Nov 5 05:00:00 +0000 2014, 4290289, 1541927, 2524880, 969915, 774830, 930079
Sat Jan 3 05:00:00 +0000 2015, 4433809, 1615544, 2710777, 959814, 838068, 710479
Sun Apr 5 04:00:00 +0000 2015, 4925671, 1959644, 3135381, 1124503, 1174184, 1029527
Sun Dec 7 05:00:00 +0000 2014, 4506144, 1673202, 2693164, 1005405, 909696, 798335
Mon Mar 9 04:00:00 +0000 2015, 4621402, 1841014, 2843411, 1296128, 1157640, 759870
Thu Jan 8 05:00:00 +0000 2015, 4345064, 1623723, 2619987, 1030437, 857838, 690929
Fri Apr 10 04:00:00 +0000 2015, 4096133, 1477941, 2414243, 1058041, 867868, 703607
Fri Dec 12 05:00:00 +0000 2014, 4127930, 1452798, 2401757, 1009782, 783617, 739599
Sat Mar 14 04:00:00 +0000 2015, 4331155, 1579222, 2549466, 1005778, 947637, 781235
Tue Jan 13 05:00:00 +0000 2015, 4303271, 1647847, 2647440, 1114771, 909046, 705914
Wed Apr 15 04:00:00 +0000 2015, 4156141, 1512671, 2442628, 1083081, 854260, 676870
Wed Dec 17 05:00:00 +0000 2014, 4203008, 1506209, 2485521, 1037128, 807581, 677304
Sat Feb 14 05:00:00 +0000 2015, 4351463, 1631309, 2602387, 1103205, 1011838, 709430
Thu Mar 19 04:00:00 +0000 2015, 4483078, 1616547, 2605663, 1142363, 947582, 804992
Wed Aug 15 04:00:00 +0000 2012, 2, 0, 0, 0, 0, 0
Sun Jan 18 05:00:00 +0000 2015, 4643138, 1811722, 2864596, 1090067, 1018161, 748503
Mon Apr 20 04:00:00 +0000 2015, 4184319, 1548929, 2499149, 1110515, 875334, 688716
Sun Sep 16 04:00:00 +0000 2012, 1, 0, 0, 0, 0, 0
Mon Dec 22 05:00:00 +0000 2014, 4363662, 1583114, 2604637, 1037512, 849759, 668767
Thu Feb 19 05:00:00 +0000 2015, 4606857, 1834470, 2837009, 1292952, 1111358, 712000
Tue Mar 24 04:00:00 +0000 2015, 4475632, 1677418, 2691730, 1142431, 1007401, 831959
Fri Jan 23 05:00:00 +0000 2015, 4323000, 1643390, 2605372, 1104711, 960373, 735467
Sat Apr 25 04:00:00 +0000 2015, 4182955, 1607987, 2507198, 1113223, 984844, 698859
Fri Sep 21 04:00:00 +0000 2012, 2, 0, 0, 1, 0, 1
Tue Feb 24 05:00:00 +0000 2015, 4616740, 1856145, 2846640, 1341034, 1155340, 804570
Sun Mar 29 04:00:00 +0000 2015, 4753254, 1876640, 2947936, 1105084, 1138141, 839852
Wed May 27 04:00:00 +0000 2015, 3909585, 1393647, 2299782, 944562, 805018, 658647
Sun Nov 24 05:00:00 +0000 2013, 4825714, 1326510, 2666790, 629641, 428110, 759807
Wed Jan 28 05:00:00 +0000 2015, 4405404, 1651572, 2644115, 1164946, 427803, 715740
Thu Apr 30 04:00:00 +0000 2015, 4160394, 1515564, 2434360, 1174418, 898936, 680780
Sun Mar 1 05:00:00 +0000 2015, 4679645, 1880133, 2904133, 1163810, 1149774, 800826
Fri Apr 3 04:00:00 +0000 2015, 4513658, 1695557, 2785097, 1116176, 1032786, 811695
Fri Nov 29 05:00:00 +0000 2013, 4175314, 1077403, 2257341, 630791, 346853, 649883
Mon Feb 2 05:00:00 +0000 2015, 4403277, 1631838, 2653290, 1092267, 915323, 708079
Tue May 5 04:00:00 +0000 2015, 4341123, 1612584, 2597885, 1182168, 979430, 738026
Fri Mar 6 05:00:00 +0000 2015, 4425386, 1767830, 2707054, 1305791, 1164014, 761909
Wed Dec 4 05:00:00 +0000 2013, 4460898, 1204573, 2453680, 688769, 376918, 699334
Sat Feb 7 05:00:00 +0000 2015, 4459788, 1753255, 2741306, 1150505, 972500, 724714
Sun May 10 04:00:00 +0000 2015, 4108998, 1482251, 2415943, 932741, 861685, 658010
Thu Nov 7 05:00:00 +0000 2013, 4179081, 1050652, 2291850, 616345, 315593, 574858
Mon Dec 9 05:00:00 +0000 2013, 4414300, 1190361, 2469382, 655865, 381069, 591303
Thu Feb 12 05:00:00 +0000 2015, 4345954, 1647286, 2619353, 1244284, 983766, 703139
Tue Mar 11 04:00:00 +0000 2014, 4261086, 1322109, 2410027, 775604, 552727, 680932
Fri May 15 04:00:00 +0000 2015, 3781189, 1353216, 2227912, 909597, 811626, 627126
Tue Nov 12 05:00:00 +0000 2013, 4265546, 1107390, 2357119, 635757, 321646, 579114
Thu Oct 11 04:00:00 +0000 2012, 1, 0, 0, 0, 0, 0
Sat Dec 14 05:00:00 +0000 2013, 4254360, 1134064, 2357939, 578557, 392580, 589732
Sun Mar 16 04:00:00 +0000 2014, 4759693, 1500239, 2777140, 776142, 650048, 729634
Wed May 20 04:00:00 +0000 2015, 3841831, 1379370, 2268778, 939940, 798413, 634851
Sun Nov 17 05:00:00 +0000 2013, 4673297, 1254746, 2598260, 628926, 395485, 686123
Wed Jan 15 05:00:00 +0000 2014, 4073411, 1121037, 2263927, 636143, 447955, 497102
Thu Dec 19 05:00:00 +0000 2013, 4344057, 1160027, 2406116, 682873, 379532, 583074
Fri Mar 21 04:00:00 +0000 2014, 4342560, 1337657, 2496174, 747510, 589840, 681726
Fri Nov 22 05:00:00 +0000 2013, 4252267, 1103117, 2335944, 635386, 344373, 666804
Mon Jan 20 05:00:00 +0000 2014, 4351512, 1208720, 2446789, 711375, 489648, 530272
Tue Apr 22 04:00:00 +0000 2014, 4437917, 1444585, 2584474, 746232, 638075, 697093
Tue Dec 24 05:00:00 +0000 2013, 4580716, 1236334, 2569141, 655585, 455243, 556416
Wed Mar 26 04:00:00 +0000 2014, 4502993, 1444062, 2641478, 728421, 612563, 700790
Wed Apr 21 04:00:00 +0000 2010, 2, 0, 1, 0, 0, 1
Sat Jan 25 05:00:00 +0000 2014, 4298706, 1212438, 2415070, 670990, 533247, 558725
Sun Apr 27 04:00:00 +0000 2014, 4620694, 1551920, 2729902, 688754, 715309, 664517
Sun Dec 29 05:00:00 +0000 2013, 4712502, 1292308, 2678366, 632246, 453980, 618713
Mon Mar 31 04:00:00 +0000 2014, 4674847, 1479429, 2724250, 795062, 629283, 693832
Thu Jan 30 05:00:00 +0000 2014, 4267952, 1202055, 2409676, 718386, 480056, 543351
Fri May 2 04:00:00 +0000 2014, 4231208, 1347083, 2464522, 719048, 626013, 632366
Fri Jan 3 05:00:00 +0000 2014, 4540941, 1257658, 2609647, 645083, 460278, 544877
Mon Mar 3 05:00:00 +0000 2014, 4340013, 1351415, 2474651, 739573, 596700, 645210
Sat Apr 5 04:00:00 +0000 2014, 4524053, 1421155, 2600274, 791016, 643375, 717793
Tue Feb 4 05:00:00 +0000 2014, 4224860, 1208162, 2393099, 674871, 477158, 547200
Wed May 7 04:00:00 +0000 2014, 4365783, 1443585, 2555929, 749021, 655629, 676015
Wed Jan 8 05:00:00 +0000 2014, 4305125, 1206559, 2425260, 677488, 445718, 573076
Sat Mar 8 05:00:00 +0000 2014, 4445179, 1361316, 2532787, 730164, 604293, 712257
Thu Apr 10 04:00:00 +0000 2014, 4286324, 1394798, 2479755, 736988, 602098, 696153
Sun Feb 9 05:00:00 +0000 2014, 4501298, 1352326, 2571523, 655607, 580700, 578170
Mon May 12 04:00:00 +0000 2014, 4420287, 1474431, 2607422, 772404, 665605, 688511
Sun Oct 9 04:00:00 +0000 2011, 1, 0, 0, 1, 0, 0
Tue Apr 15 04:00:00 +0000 2014, 4440093, 1446131, 2595315, 758947, 634983, 695791
Fri Jun 13 04:00:00 +0000 2014, 4589866, 1461051, 2633097, 772505, 670933, 709808
Tue Dec 11 05:00:00 +0000 2012, 3, 0, 1, 3, 0, 0
Fri Feb 14 05:00:00 +0000 2014, 4492755, 1282179, 2526486, 772785, 596112, 634919
Sat May 17 04:00:00 +0000 2014, 4359683, 1458119, 2562919, 679140, 701054, 720852
Sun Apr 20 04:00:00 +0000 2014, 4538049, 1478900, 2629572, 690230, 689474, 655419
Wed Jun 18 04:00:00 +0000 2014, 4553530, 1476837, 2644775, 796158, 679540, 727024
Sat Sep 17 04:00:00 +0000 2011, 1, 0, 0, 0, 0, 0
Sun Dec 16 05:00:00 +0000 2012, 2, 0, 0, 0, 0, 0
Wed Feb 19 05:00:00 +0000 2014, 4508990, 1401227, 2579154, 741792, 563281, 648886
Thu May 22 04:00:00 +0000 2014, 4297306, 1400838, 2507219, 764410, 658877, 678278
Wed Oct 19 04:00:00 +0000 2011, 1, 0, 0, 1, 0, 0
Mon Jun 23 04:00:00 +0000 2014, 4535756, 1498620, 2648428, 822354, 689107, 668079
Fri Dec 21 05:00:00 +0000 2012, 1, 0, 0, 0, 0, 0
Mon Feb 24 05:00:00 +0000 2014, 4452951, 1377963, 2567839, 745559, 562276, 651158
Tue May 27 04:00:00 +0000 2014, 4446701, 1446286, 2596309, 782478, 669955, 664019
Sat Nov 24 05:00:00 +0000 2012, 2, 0, 0, 0, 0, 1
Sat Jun 28 04:00:00 +0000 2014, 4550612, 1507384, 2648485, 711197, 711936, 667370
Sat Mar 1 05:00:00 +0000 2014, 4344193, 1315656, 2478844, 687872, 582743, 672460
Sun Jun 1 04:00:00 +0000 2014, 4466269, 1458846, 2630361, 684647, 699951, 663335
Wed Jul 30 04:00:00 +0000 2014, 4645533, 1633265, 2772700, 877238, 778091, 774080
Thu Jul 3 04:00:00 +0000 2014, 4401819, 1467586, 2614301, 816396, 705474, 665752
Mon Dec 31 05:00:00 +0000 2012, 1, 0, 0, 0, 0, 0
Tue Apr 2 04:00:00 +0000 2013, 4611919, 1024287, 2599548, 544756, 227476, 567585
Fri Jun 6 04:00:00 +0000 2014, 4196372, 1336859, 2450897, 734404, 646668, 653206
Mon Aug 4 04:00:00 +0000 2014, 4698243, 1671698, 2830727, 918481, 828939, 764859
Tue Jul 8 04:00:00 +0000 2014, 5290868, 1892364, 3136307, 847093, 849394, 811085
Sun Apr 7 04:00:00 +0000 2013, 4755258, 1084176, 2685155, 507948, 249187, 596076
Sat Aug 9 04:00:00 +0000 2014, 4489112, 1622601, 2704065, 805776, 830681, 753083
Sun Dec 9 05:00:00 +0000 2012, 1, 0, 0, 0, 0, 0
Mon Mar 11 04:00:00 +0000 2013, 1, 0, 0, 0, 0, 1
Thu May 9 04:00:00 +0000 2013, 4436095, 982509, 2512773, 554949, 224033, 572901
Sun Jul 13 04:00:00 +0000 2014, 5134758, 1847163, 3060372, 765635, 877265, 817897
Thu Jan 10 05:00:00 +0000 2013, 1, 0, 0, 0, 0, 0
Fri Apr 12 04:00:00 +0000 2013, 4297613, 925213, 2410605, 520733, 204535, 552166
Thu Aug 14 04:00:00 +0000 2014, 4585518, 1653097, 2807679, 879286, 839192, 859478
Mon Feb 11 05:00:00 +0000 2013, 1, 0, 0, 0, 0, 0
Tue May 14 04:00:00 +0000 2013, 4373687, 965400, 2461375, 529157, 215662, 548785
Fri Jul 18 04:00:00 +0000 2014, 4440958, 1528151, 2640366, 834062, 742858, 706622
Wed Apr 17 04:00:00 +0000 2013, 4400698, 994269, 2486837, 544529, 209016, 554909
Tue Aug 19 04:00:00 +0000 2014, 4534919, 1647638, 2741873, 863192, 822425, 867548
Sun May 19 04:00:00 +0000 2013, 4754246, 1118313, 2672722, 510038, 283160, 587199
Wed Jul 23 04:00:00 +0000 2014, 4967452, 1739332, 2983976, 920023, 837358, 917841
Sat Sep 20 04:00:00 +0000 2014, 4279753, 1490770, 2492005, 879985, 793662, 747069
Mon Apr 22 04:00:00 +0000 2013, 4448945, 999100, 2502239, 544019, 219013, 559202
Sun Aug 24 04:00:00 +0000 2014, 5150188, 1964079, 3091220, 856894, 963316, 1117900
Thu Feb 21 05:00:00 +0000 2013, 2, 0, 1, 1, 0, 0
Fri May 24 04:00:00 +0000 2013, 4326574, 937265, 2428940, 530268, 220463, 547900
Mon Jul 28 04:00:00 +0000 2014, 4625557, 1607133, 2724375, 910526, 790163, 778487
Thu Sep 25 04:00:00 +0000 2014, 4097500, 1401145, 2367573, 871352, 714333, 698106
Sat Apr 27 04:00:00 +0000 2013, 4332442, 957595, 2420425, 483437, 231239, 542224
Fri Aug 29 04:00:00 +0000 2014, 4333381, 1551211, 2593630, 857392, 785832, 753814
Wed May 29 04:00:00 +0000 2013, 4515282, 1028070, 2509821, 551576, 235287, 583395
Tue Sep 30 04:00:00 +0000 2014, 4297034, 1511958, 2506727, 930015, 721349, 714570
Thu May 2 04:00:00 +0000 2013, 4400055, 969456, 2455984, 536683, 217281, 542832
Sun Jun 30 04:00:00 +0000 2013, 4955151, 1168225, 2736988, 467028, 281369, 562784
Wed Sep 3 04:00:00 +0000 2014, 4225498, 1449840, 2460887, 882664, 692618, 703462
Sun Mar 3 05:00:00 +0000 2013, 1, 0, 0, 0, 0, 0
Mon Jun 3 04:00:00 +0000 2013, 4529906, 1064509, 2549795, 531397, 251876, 568431
Sun Oct 5 04:00:00 +0000 2014, 4829697, 1690322, 2865959, 894332, 826308, 787373
Tue May 7 04:00:00 +0000 2013, 4390179, 977383, 2462554, 542746, 216252, 544274
Fri Jul 5 04:00:00 +0000 2013, 4585319, 1064407, 2580257, 533822, 259851, 543344
Mon Sep 8 04:00:00 +0000 2014, 4242888, 1430531, 2441948, 925827, 693301, 673442
Sat Jun 8 04:00:00 +0000 2013, 4454837, 974367, 2495620, 506699, 263020, 540050
Fri Oct 10 04:00:00 +0000 2014, 4112459, 1407881, 2364714, 915199, 697667, 751564
Wed Jul 10 04:00:00 +0000 2013, 4766847, 1077310, 2700234, 575351, 267122, 550557
Sat Sep 13 04:00:00 +0000 2014, 4320385, 1512200, 2518444, 833057, 769368, 773467
Thu Jun 13 04:00:00 +0000 2013, 4490459, 1012528, 2546466, 517037, 243419, 520328
Wed Oct 15 04:00:00 +0000 2014, 4329098, 1505450, 2564832, 951797, 752131, 865588
Tue Mar 13 04:00:00 +0000 2012, 2, 0, 0, 0, 0, 0
Mon Jul 15 04:00:00 +0000 2013, 4723206, 1095582, 2651488, 572587, 277416, 547051
Tue Jun 18 04:00:00 +0000 2013, 4711022, 1081666, 2643786, 533143, 244920, 577682
Fri Aug 16 04:00:00 +0000 2013, 4767190, 1113024, 2726626, 569199, 299352, 623818
Mon Oct 20 04:00:00 +0000 2014, 4196362, 1473655, 2471779, 917238, 708704, 762532
Sat Jul 20 04:00:00 +0000 2013, 4512210, 1052747, 2516530, 522024, 273446, 636114
Wed Jan 18 05:00:00 +0000 2012, 1, 0, 0, 0, 0, 0
Sun Jun 23 04:00:00 +0000 2013, 4574782, 1061617, 2584298, 489050, 270918, 516326
Wed Aug 21 04:00:00 +0000 2013, 4722801, 1110185, 2678423, 564316, 296043, 571293
Sat Oct 25 04:00:00 +0000 2014, 4131384, 1444725, 2355677, 879367, 720262, 808377
Fri Mar 23 04:00:00 +0000 2012, 1, 0, 0, 0, 0, 0
Thu Jul 25 04:00:00 +0000 2013, 4892914, 1144858, 2785793, 594252, 294948, 626148
Mon Aug 26 04:00:00 +0000 2013, 4633597, 1108634, 2605612, 549967, 302963, 557876
Thu Oct 30 04:00:00 +0000 2014, 4166333, 1437004, 2400935, 978169, 712753, 780628
Sat May 26 04:00:00 +0000 2012, 2, 0, 0, 0, 0, 0
Tue Jul 30 04:00:00 +0000 2013, 4786952, 1130867, 2711288, 580853, 286024, 583313
Sat Jan 28 05:00:00 +0000 2012, 1, 0, 1, 1, 0, 0
Sat Aug 31 04:00:00 +0000 2013, 4602486, 1052703, 2562415, 542295, 305929, 547243
Sun Aug 4 04:00:00 +0000 2013, 4717469, 1139299, 2652296, 438865, 143577, 659022
Mon Nov 29 05:00:00 +0000 2010, 1, 0, 0, 0, 0, 1
Thu Sep 5 04:00:00 +0000 2013, 4378804, 1000568, 2414743, 600173, 270304, 552573
Mon Mar 5 05:00:00 +0000 2012, 1, 0, 1, 1, 0, 0
Fri Aug 9 04:00:00 +0000 2013, 4599121, 1030766, 2594595, 483406, 140990, 563229
Mon Oct 7 04:00:00 +0000 2013, 4345283, 1035086, 2403945, 580417, 273994, 536242
Sat Nov 8 05:00:00 +0000 2014, 4853407, 1872954, 2903344, 968152, 926524, 1493516
Tue Sep 10 04:00:00 +0000 2013, 4458536, 1053844, 2403512, 617670, 275699, 563359
Wed Aug 14 04:00:00 +0000 2013, 4981614, 1153898, 2861522, 586124, 297261, 662648
Sat Oct 12 04:00:00 +0000 2013, 4336572, 1011500, 2385317, 532443, 302176, 521584
Thu Nov 13 05:00:00 +0000 2014, 4065232, 1437852, 2388570, 969470, 736191, 711867
Sun Feb 12 05:00:00 +0000 2012, 1, 0, 0, 0, 0, 0
Mon May 14 04:00:00 +0000 2012, 1, 0, 1, 0, 0, 1
Sun Sep 15 04:00:00 +0000 2013, 4981600, 1185664, 2749970, 583294, 342680, 586779
Tue Nov 18 05:00:00 +0000 2014, 4195279, 1498807, 2469700, 1000175, 783654, 802380
Thu Oct 17 04:00:00 +0000 2013, 4208438, 975176, 2309896, 589563, 267199, 531910
Wed Mar 16 04:00:00 +0000 2011, 1, 0, 0, 0, 0, 0
Tue Jul 17 04:00:00 +0000 2012, 1, 0, 0, 0, 0, 0
Fri Sep 20 04:00:00 +0000 2013, 4211096, 938517, 2299106, 568841, 259986, 534198
Tue Oct 22 04:00:00 +0000 2013, 4289690, 1020721, 2336255, 618071, 272518, 551946
Sun Nov 23 05:00:00 +0000 2014, 4571911, 1696744, 2721669, 953331, 898077, 823224
Wed Sep 25 04:00:00 +0000 2013, 4240787, 986924, 2311706, 568944, 253682, 533267
Sun Oct 27 04:00:00 +0000 2013, 4675460, 1113988, 2598810, 568718, 325570, 603124
Fri Nov 28 05:00:00 +0000 2014, 4084265, 1453874, 2364286, 1000988, 787994, 733234
Mon Sep 30 04:00:00 +0000 2013, 4341278, 1010665, 2380824, 572510, 260322, 529961
Tue Dec 30 05:00:00 +0000 2014, 4574592, 1651260, 2797808, 965978, 844686, 689673
Fri Nov 1 04:00:00 +0000 2013, 4173084, 1030738, 2269285, 618456, 322864, 546709
Wed Dec 3 05:00:00 +0000 2014, 4403083, 1603010, 2571375, 1048314, 860122, 774356
Sun Jan 4 05:00:00 +0000 2015, 4582565, 1682806, 2788854, 951348, 857495, 667297
Mon Apr 6 04:00:00 +0000 2015, 4604863, 1759066, 2816097, 1173926, 1045062, 748379
Mon Dec 8 05:00:00 +0000 2014, 4370443, 1566627, 2571745, 1045302, 837498, 759263
Tue Mar 10 04:00:00 +0000 2015, 4330443, 1549064, 2552549, 1027741, 859327, 758803
Mon Aug 6 04:00:00 +0000 2012, 1, 0, 0, 1, 0, 0
Fri Jan 9 05:00:00 +0000 2015, 4273512, 1597371, 2575320, 1030362, 853106, 690793
Sat Apr 11 04:00:00 +0000 2015, 4202547, 1526859, 2487111, 1004271, 906195, 725902
Tue Jul 10 04:00:00 +0000 2012, 1, 0, 0, 0, 0, 0
Sat Dec 13 05:00:00 +0000 2014, 4316782, 1541686, 2502598, 963421, 828975, 793611
Sun Mar 15 04:00:00 +0000 2015, 4562828, 1699149, 2725942, 1028913, 989322, 795901
Sat Aug 11 04:00:00 +0000 2012, 2, 0, 0, 0, 0, 0
Wed Jan 14 05:00:00 +0000 2015, 4354173, 1687303, 2676995, 1120860, 938356, 708967
Thu Apr 16 04:00:00 +0000 2015, 4129205, 1506482, 2431257, 1093403, 852913, 670514
Thu Dec 18 05:00:00 +0000 2014, 4115065, 1484319, 2433780, 1028619, 799640, 663793
Thu Jan 13 05:00:00 +0000 2011, 1, 0, 0, 0, 0, 0
Sun Feb 15 05:00:00 +0000 2015, 4347391, 1657171, 2633436, 1100245, 1011025, 690264
Fri Mar 20 04:00:00 +0000 2015, 4379661, 1561013, 2543767, 1114671, 938113, 817490
Thu Aug 16 04:00:00 +0000 2012, 1, 0, 0, 0, 0, 0
Mon Jan 19 05:00:00 +0000 2015, 4505828, 1732298, 2745562, 1170032, 972995, 738892
Tue Apr 21 04:00:00 +0000 2015, 4185549, 1550772, 2487296, 1114473, 870817, 712265
Mon Sep 17 04:00:00 +0000 2012, 1, 0, 0, 0, 0, 0
Tue Dec 23 05:00:00 +0000 2014, 4435461, 1613274, 2651648, 1047925, 878067, 672140
Fri Feb 20 05:00:00 +0000 2015, 4645577, 1814730, 2829315, 1274842, 1125645, 812631
Wed Mar 25 04:00:00 +0000 2015, 4782972, 1905455, 2935935, 1150369, 1089453, 886985
Sat Jan 24 05:00:00 +0000 2015, 4357588, 1686499, 2693140, 1034043, 1001131, 711672
Sun Apr 26 04:00:00 +0000 2015, 4421991, 1706761, 2666264, 1133036, 1015064, 709986
Wed Feb 25 05:00:00 +0000 2015, 4681090, 1860056, 2887728, 1308512, 1134421, 844020
Mon Mar 30 04:00:00 +0000 2015, 4644638, 1775201, 2850316, 1150756, 1050213, 803052
Thu May 28 04:00:00 +0000 2015, 3912664, 1389762, 2292387, 975288, 812641, 710513
Sun Aug 26 04:00:00 +0000 2012, 1, 0, 0, 0, 0, 0
Mon Nov 25 05:00:00 +0000 2013, 4459619, 1185941, 2458709, 668581, 358528, 657383
Thu Jan 29 05:00:00 +0000 2015, 4382769, 1634454, 2629894, 1183753, 961509, 664783
Fri May 1 04:00:00 +0000 2015, 4103000, 1501439, 2424014, 1102175, 916732, 697885
Mon Mar 2 05:00:00 +0000 2015, 4447589, 1771868, 2742625, 1264176, 1103139, 719928
Fri Aug 31 04:00:00 +0000 2012, 1, 0, 0, 0, 0, 0
Sat Nov 30 05:00:00 +0000 2013, 4583917, 1246620, 2537681, 611775, 419357, 706638
Mon Oct 29 04:00:00 +0000 2012, 1, 0, 0, 0, 0, 0
Tue Feb 3 05:00:00 +0000 2015, 4368760, 1624289, 2627207, 1133239, 908575, 702492
Wed May 6 04:00:00 +0000 2015, 4535455, 1731915, 2722605, 1229983, 1023101, 786073
Sat Mar 7 05:00:00 +0000 2015, 4627041, 1893199, 2861503, 1300920, 1255993, 806420
Thu Dec 5 05:00:00 +0000 2013, 4440046, 1227862, 2442917, 678752, 379930, 771341
Sun Feb 8 05:00:00 +0000 2015, 4798921, 1916020, 2957622, 1175590, 1042419, 759972
Mon May 11 04:00:00 +0000 2015, 3936853, 1383469, 2298445, 979070, 776631, 651916
Fri Nov 8 05:00:00 +0000 2013, 4167479, 1041417, 2269433, 618930, 320297, 631548
Sun Oct 7 04:00:00 +0000 2012, 1, 0, 0, 0, 0, 0
Tue Dec 10 05:00:00 +0000 2013, 4441605, 1204492, 2491452, 652148, 387130, 610297
Wed Mar 12 04:00:00 +0000 2014, 4502253, 1411408, 2595458, 838327, 603230, 714885
Sat May 16 04:00:00 +0000 2015, 3772671, 1363531, 2250843, 835374, 812394, 639727
Sat Jun 11 04:00:00 +0000 2011, 1, 0, 0, 0, 0, 0
Tue Aug 9 04:00:00 +0000 2011, 1, 0, 0, 0, 0, 0
Wed Nov 13 05:00:00 +0000 2013, 4208241, 1086913, 2326602, 626111, 324126, 577858
Wed Jul 13 04:00:00 +0000 2011, 1, 0, 1, 0, 0, 0
Sun Dec 15 05:00:00 +0000 2013, 4488050, 1232538, 2521013, 594941, 423973, 588572
Mon Mar 17 04:00:00 +0000 2014, 4601233, 1436769, 2679759, 855612, 604291, 693530
Thu May 21 04:00:00 +0000 2015, 3819765, 1377990, 2257960, 943497, 812094, 653927
Mon Nov 18 05:00:00 +0000 2013, 4462588, 1168095, 2463660, 660867, 344773, 645953
Wed Oct 17 04:00:00 +0000 2012, 1, 0, 0, 0, 0, 0
Thu Jan 16 05:00:00 +0000 2014, 4093889, 1110203, 2260870, 682801, 458544, 503091
Fri Dec 20 05:00:00 +0000 2013, 4258763, 1122144, 2336815, 683528, 362239, 586279
Sat Mar 22 04:00:00 +0000 2014, 4411864, 1378953, 2572867, 702982, 620457, 678128
Tue Jan 21 05:00:00 +0000 2014, 4325027, 1188469, 2415180, 709440, 473746, 524462
Wed Apr 23 04:00:00 +0000 2014, 4409768, 1402689, 2553513, 732018, 621711, 682996
Wed Dec 25 05:00:00 +0000 2013, 4335865, 1145669, 2392637, 619626, 410819, 526845
Thu Mar 27 04:00:00 +0000 2014, 4462329, 1410691, 2611390, 750713, 602133, 700219
Sun Jan 26 05:00:00 +0000 2014, 4767088, 1402147, 2676049, 679175, 584076, 630677
Mon Apr 28 04:00:00 +0000 2014, 4414822, 1449430, 2589021, 740223, 644053, 644767
Mon Dec 30 05:00:00 +0000 2013, 4756372, 1292082, 2747541, 631686, 453051, 585067
Tue Apr 1 04:00:00 +0000 2014, 4613109, 1498206, 2698940, 811922, 628392, 725745
Fri Jan 31 05:00:00 +0000 2014, 4218574, 1191568, 2378632, 669593, 483660, 569030
Sat May 3 04:00:00 +0000 2014, 4244429, 1356060, 2462969, 664816, 649310, 618898
Fri Sep 30 04:00:00 +0000 2011, 1, 0, 0, 0, 0, 0
Sat Jan 4 05:00:00 +0000 2014, 4505361, 1242852, 2578986, 602981, 449741, 541101
Sat Jan 30 05:00:00 +0000 2010, 1, 0, 0, 0, 0, 0
Tue Mar 4 05:00:00 +0000 2014, 4336783, 1348773, 2467929, 766658, 560838, 647623
Sun Apr 6 04:00:00 +0000 2014, 4834314, 1582823, 2807352, 770769, 711561, 760085
Wed Feb 5 05:00:00 +0000 2014, 4302943, 1268320, 2452775, 690726, 509146, 576625
Thu May 8 04:00:00 +0000 2014, 4394810, 1463778, 2583636, 751537, 666975, 692319
Mon Nov 5 05:00:00 +0000 2012, 1, 0, 0, 1, 0, 0
Thu Jan 9 05:00:00 +0000 2014, 4201509, 1151522, 2354704, 671896, 436833, 531793
Sun Mar 9 05:00:00 +0000 2014, 4432080, 1360774, 2552988, 736749, 592395, 697943
Fri Apr 11 04:00:00 +0000 2014, 4252488, 1381073, 2463990, 744198, 599447, 682821
Thu Sep 8 04:00:00 +0000 2011, 1, 0, 0, 0, 0, 0
Mon Feb 10 05:00:00 +0000 2014, 4313796, 1247740, 2436840, 708948, 511768, 570598
Tue May 13 04:00:00 +0000 2014, 4263447, 1393656, 2488189, 745397, 616154, 679345
Sat Nov 10 05:00:00 +0000 2012, 1, 0, 0, 0, 0, 0
Mon Oct 10 04:00:00 +0000 2011, 1, 0, 0, 0, 0, 0
Wed Apr 16 04:00:00 +0000 2014, 4402652, 1454114, 2564503, 741580, 630607, 695021
Sat Jun 14 04:00:00 +0000 2014, 4545431, 1474227, 2615900, 704645, 705827, 740376
Sat Feb 15 05:00:00 +0000 2014, 4396819, 1311983, 2517217, 685343, 580087, 593680
Sun May 18 04:00:00 +0000 2014, 4615296, 1570906, 2727473, 686019, 753197, 718832
Thu Nov 15 05:00:00 +0000 2012, 1, 0, 0, 0, 0, 1
Thu Jun 19 04:00:00 +0000 2014, 4603746, 1535852, 2709035, 809372, 701433, 700635
Mon Dec 17 05:00:00 +0000 2012, 2, 0, 0, 0, 0, 0
Thu Feb 20 05:00:00 +0000 2014, 4430922, 1389574, 2550288, 751330, 556897, 664323
Fri May 23 04:00:00 +0000 2014, 4269188, 1405515, 2486970, 765670, 677065, 680964
Tue Jun 24 04:00:00 +0000 2014, 4556003, 1501881, 2651837, 814168, 699089, 665262
Sat Dec 22 05:00:00 +0000 2012, 1, 0, 0, 0, 0, 0
Tue Feb 25 05:00:00 +0000 2014, 4300494, 1299693, 2452838, 712848, 523472, 634756
Wed May 28 04:00:00 +0000 2014, 4439940, 1452475, 2602881, 782536, 676933, 660998
Sun Nov 25 05:00:00 +0000 2012, 1, 0, 0, 0, 0, 0
Sun Jun 29 04:00:00 +0000 2014, 4868443, 1675643, 2894658, 728636, 769406, 715256
Thu Dec 27 05:00:00 +0000 2012, 1, 0, 0, 0, 0, 0
Mon Jun 2 04:00:00 +0000 2014, 4422141, 1455210, 2604334, 749821, 671720, 662418
Thu Jul 31 04:00:00 +0000 2014, 4685859, 1644854, 2793305, 855635, 790336, 841839
Fri Nov 30 05:00:00 +0000 2012, 1, 0, 1, 0, 0, 0
Fri Jul 4 04:00:00 +0000 2014, 4655666, 1577057, 2718925, 790563, 754481, 755949
Tue Jan 1 05:00:00 +0000 2013, 1, 0, 0, 0, 0, 0
Wed Apr 3 04:00:00 +0000 2013, 4602035, 1028538, 2603650, 546300, 234980, 560945
Sat Jun 7 04:00:00 +0000 2014, 4249924, 1368762, 2475946, 684091, 684847, 665127
Tue Aug 5 04:00:00 +0000 2014, 4648557, 1661981, 2808457, 879473, 818173, 736536
Wed Jul 9 04:00:00 +0000 2014, 4871775, 1684699, 2906717, 834223, 786635, 787374
Sun Jan 6 05:00:00 +0000 2013, 1, 0, 0, 0, 0, 0
Mon Apr 8 04:00:00 +0000 2013, 4540841, 1014486, 2556445, 533440, 210521, 572974
Sun Aug 10 04:00:00 +0000 2014, 4858736, 1788238, 2928266, 862677, 888716, 817856
Thu Feb 7 05:00:00 +0000 2013, 2, 0, 0, 1, 1, 0
Tue Mar 12 04:00:00 +0000 2013, 1, 0, 0, 0, 0, 0
Fri May 10 04:00:00 +0000 2013, 4292993, 928764, 2414024, 527500, 216300, 561064
Mon Jul 14 04:00:00 +0000 2014, 4607976, 1592410, 2764757, 839771, 754726, 729190
Sat Apr 13 04:00:00 +0000 2013, 4320189, 947437, 2419879, 493243, 230528, 536056
Fri Aug 15 04:00:00 +0000 2014, 4492662, 1622955, 2735351, 842029, 865650, 889066
Tue Feb 12 05:00:00 +0000 2013, 4, 0, 2, 2, 0, 2
Wed May 15 04:00:00 +0000 2013, 4462249, 994761, 2495878, 542106, 225119, 568846
Sat Jul 19 04:00:00 +0000 2014, 4387217, 1553880, 2613252, 773457, 758334, 801836
Wed Jan 16 05:00:00 +0000 2013, 1, 0, 0, 0, 0, 1
Thu Apr 18 04:00:00 +0000 2013, 4373148, 979645, 2465905, 540779, 213005, 560056
Wed Aug 20 04:00:00 +0000 2014, 4462225, 1587787, 2672947, 850633, 808507, 865031
Mon May 20 04:00:00 +0000 2013, 4536397, 1046303, 2569492, 545172, 245997, 570493
Thu Jul 24 04:00:00 +0000 2014, 4873589, 1697551, 2902653, 959288, 808156, 880933
Sun Sep 21 04:00:00 +0000 2014, 4575324, 1623945, 2679751, 903282, 841669, 768507
Tue Apr 23 04:00:00 +0000 2013, 4268732, 956644, 2370842, 516322, 203335, 543868
Mon Aug 25 04:00:00 +0000 2014, 4547398, 1623759, 2699528, 866853, 797158, 782970
Fri Feb 22 05:00:00 +0000 2013, 1, 0, 1, 0, 0, 0
Sat May 25 04:00:00 +0000 2013, 4401000, 954311, 2462364, 495672, 244273, 551653
Fri Sep 26 04:00:00 +0000 2014, 4010796, 1378057, 2327103, 888295, 711241, 698567
Sat Jan 26 05:00:00 +0000 2013, 2, 0, 0, 2, 0, 0
Sun Apr 28 04:00:00 +0000 2013, 4663962, 1075832, 2622435, 499532, 254450, 566774
Sat Aug 30 04:00:00 +0000 2014, 4426367, 1584680, 2638092, 810934, 815655, 741810
Wed Feb 27 05:00:00 +0000 2013, 1, 0, 0, 0, 0, 0
Thu May 30 04:00:00 +0000 2013, 4559460, 1025745, 2549187, 557648, 250833, 597011
Wed Oct 1 04:00:00 +0000 2014, 4207061, 1494218, 2478103, 932604, 706369, 702202
Mon Nov 28 05:00:00 +0000 2011, 3, 0, 0, 0, 0, 0
Fri May 3 04:00:00 +0000 2013, 4367287, 938386, 2449234, 532781, 219820, 548516
Mon Jul 1 04:00:00 +0000 2013, 4581665, 1055677, 2582275, 527045, 259517, 519720
Thu Sep 4 04:00:00 +0000 2014, 4181826, 1429303, 2432198, 887823, 710240, 714273
Tue Jun 4 04:00:00 +0000 2013, 4505156, 1046767, 2543142, 546526, 249525, 556283
Mon Oct 6 04:00:00 +0000 2014, 4335766, 1507350, 2542467, 935656, 742015, 708905
Mon Nov 1 04:00:00 +0000 2010, 1, 0, 0, 0, 0, 0
Sat Jul 6 04:00:00 +0000 2013, 4393407, 992854, 2434230, 501368, 274926, 494312
Tue Sep 9 04:00:00 +0000 2014, 4256721, 1429914, 2436808, 898480, 691668, 733802
Wed Jan 4 05:00:00 +0000 2012, 1, 0, 0, 0, 0, 0
Sat Mar 9 05:00:00 +0000 2013, 2, 0, 0, 1, 0, 0
Thu Apr 5 04:00:00 +0000 2012, 1, 0, 0, 1, 0, 0
Sun Jun 9 04:00:00 +0000 2013, 4606975, 1058047, 2591742, 497111, 272027, 533792
Sat Oct 11 04:00:00 +0000 2014, 4175278, 1444706, 2421739, 850513, 736160, 771131
Thu Jul 11 04:00:00 +0000 2013, 4748821, 1073754, 2689781, 575525, 268848, 586415
Sun Sep 14 04:00:00 +0000 2014, 4648203, 1640564, 2733730, 842530, 806143, 816631
Mon Jan 9 05:00:00 +0000 2012, 1, 0, 0, 0, 0, 0
Fri Jun 14 04:00:00 +0000 2013, 4359635, 960673, 2455439, 506242, 238300, 523946
Thu Oct 16 04:00:00 +0000 2014, 4154114, 1463933, 2438638, 932804, 713323, 825712
Tue Jul 16 04:00:00 +0000 2013, 4686892, 1077027, 2625269, 583959, 267702, 605449
Sun Apr 15 04:00:00 +0000 2012, 1, 0, 0, 0, 0, 0
Wed Jun 19 04:00:00 +0000 2013, 4645829, 1044972, 2606103, 528829, 242810, 538840
Sat Aug 17 04:00:00 +0000 2013, 4674292, 1116310, 2642068, 514451, 305427, 648869
Tue Oct 21 04:00:00 +0000 2014, 4201733, 1475207, 2446864, 964854, 695666, 754739
Mon Mar 19 04:00:00 +0000 2012, 1, 0, 1, 0, 0, 0
Sun Jul 21 04:00:00 +0000 2013, 4661153, 1099133, 2613251, 526082, 278514, 610554
Fri Apr 20 04:00:00 +0000 2012, 1, 0, 0, 0, 0, 0
Mon Jun 24 04:00:00 +0000 2013, 4658642, 1073404, 2641250, 535254, 251999, 537902
Thu Aug 22 04:00:00 +0000 2013, 4635520, 1070110, 2624256, 557917, 288563, 554051
Sun Oct 26 04:00:00 +0000 2014, 4560134, 1627233, 2685506, 886396, 776008, 844193
Fri Jul 26 04:00:00 +0000 2013, 4785691, 1095885, 2730173, 572276, 288560, 608204
Tue Aug 27 04:00:00 +0000 2013, 4549669, 1053825, 2537032, 571307, 283367, 554855
Fri Oct 31 04:00:00 +0000 2014, 4057694, 1401581, 2330669, 967011, 748002, 778635
Sun May 27 04:00:00 +0000 2012, 1, 0, 1, 0, 0, 0
Wed Jul 31 04:00:00 +0000 2013, 4814370, 1130561, 2691722, 560052, 256828, 586674
Sun Jan 29 05:00:00 +0000 2012, 2, 0, 0, 0, 0, 0
Mon Apr 30 04:00:00 +0000 2012, 2, 0, 0, 0, 0, 0
Sun Sep 1 04:00:00 +0000 2013, 4722300, 1109082, 2638366, 533823, 319911, 554291
Thu Mar 1 05:00:00 +0000 2012, 1, 0, 0, 0, 0, 0
Mon Aug 5 04:00:00 +0000 2013, 4983621, 1188499, 2842689, 487079, 140424, 754993
Fri Feb 3 05:00:00 +0000 2012, 1, 0, 0, 0, 0, 1
Sat May 5 04:00:00 +0000 2012, 1, 0, 0, 1, 0, 0
Fri Sep 6 04:00:00 +0000 2013, 4387481, 1000053, 2412523, 599048, 271927, 559426
Sat Aug 10 04:00:00 +0000 2013, 4432613, 1000192, 2493111, 423484, 140673, 529514
Sun Nov 9 05:00:00 +0000 2014, 5410561, 2203119, 3314319, 954058, 986931, 1770919
Tue Oct 8 04:00:00 +0000 2013, 4261025, 1009919, 2352672, 567882, 263865, 522448
Wed Sep 11 04:00:00 +0000 2013, 4404157, 1030044, 2407221, 607001, 273764, 554305
Mon Jun 11 04:00:00 +0000 2012, 1, 0, 0, 0, 0, 0
Sun Oct 13 04:00:00 +0000 2013, 4690959, 1125576, 2623241, 556794, 326353, 584065
Fri Nov 14 05:00:00 +0000 2014, 4015638, 1411021, 2348834, 967010, 722524, 712712
Mon Sep 16 04:00:00 +0000 2013, 4676665, 1075999, 2575938, 617622, 292849, 574582
Sat Jun 16 04:00:00 +0000 2012, 1, 0, 0, 0, 0, 0
Fri Oct 18 04:00:00 +0000 2013, 4090170, 944523, 2243039, 577041, 263181, 515072
Wed Nov 19 05:00:00 +0000 2014, 4183769, 1502820, 2463257, 1014118, 782330, 796067
Sat Sep 21 04:00:00 +0000 2013, 4398411, 1001566, 2419625, 537623, 298579, 526989
Wed Oct 23 04:00:00 +0000 2013, 4279135, 1012119, 2314848, 620686, 270902, 545653
Mon Nov 24 05:00:00 +0000 2014, 4413323, 1622344, 2628933, 1011690, 839126, 779248
Thu Sep 26 04:00:00 +0000 2013, 4164155, 971234, 2267696, 561260, 251562, 525076
Tue Nov 23 05:00:00 +0000 2010, 1, 0, 0, 0, 0, 1
Fri Dec 26 05:00:00 +0000 2014, 4283011, 1543096, 2514472, 972375, 849382, 702181
Mon Oct 28 04:00:00 +0000 2013, 4361063, 1029631, 2395515, 607199, 283531, 565010
Sat Nov 29 05:00:00 +0000 2014, 4331088, 1552425, 2544141, 967839, 843291, 751595
Sat Jul 28 04:00:00 +0000 2012, 2, 0, 0, 0, 0, 0
Tue Oct 1 04:00:00 +0000 2013, 4285826, 1003155, 2348070, 586303, 257927, 542919
Wed Dec 31 05:00:00 +0000 2014, 5020000, 1692533, 2946990, 955427, 902863, 736774
Thu Dec 4 05:00:00 +0000 2014, 4194388, 1502311, 2437790, 1043867, 809325, 744450
Sat Nov 2 04:00:00 +0000 2013, 4335562, 1092299, 2391358, 580074, 353679, 570288
Mon Jan 5 05:00:00 +0000 2015, 4406562, 1590940, 2629685, 1009157, 812126, 673768
Tue Apr 7 04:00:00 +0000 2015, 4536569, 1734985, 2766233, 1193516, 1020161, 748368
Fri Jul 6 04:00:00 +0000 2012, 1, 0, 0, 0, 0, 0
Mon Sep 3 04:00:00 +0000 2012, 2, 0, 0, 0, 0, 0
Tue Dec 9 05:00:00 +0000 2014, 4308191, 1530930, 2497399, 1056266, 815164, 786771
Wed Mar 11 04:00:00 +0000 2015, 4343800, 1548510, 2531578, 1037230, 863133, 766343
Sat Jan 10 05:00:00 +0000 2015, 4355218, 1622848, 2638832, 1012350, 893246, 691880
Sun Apr 12 04:00:00 +0000 2015, 4407493, 1630866, 2641184, 1023541, 935451, 717265
Sun Dec 14 05:00:00 +0000 2014, 4575833, 1659716, 2678227, 963374, 878949, 823215
Mon Mar 16 04:00:00 +0000 2015, 4418134, 1599804, 2598682, 1116460, 939633, 749690
Sun Aug 12 04:00:00 +0000 2012, 1, 0, 0, 0, 0, 0
Thu Jan 15 05:00:00 +0000 2015, 4332493, 1670792, 2637942, 1092454, 930977, 718192
Fri Apr 17 04:00:00 +0000 2015, 4012533, 1462638, 2361832, 1051896, 849941, 667258
Fri Dec 19 05:00:00 +0000 2014, 4121558, 1492967, 2428464, 1026636, 809101, 666552
Mon Feb 16 05:00:00 +0000 2015, 4449326, 1702957, 2706255, 1235766, 1050667, 672257
Sat Mar 21 04:00:00 +0000 2015, 4422412, 1613446, 2599186, 1060448, 968704, 849173
Tue Jan 20 05:00:00 +0000 2015, 4435170, 1688068, 2669273, 1165321, 944423, 714860
Wed Apr 22 04:00:00 +0000 2015, 4205885, 1573490, 2501280, 1129600, 897631, 684719
Wed Dec 24 05:00:00 +0000 2014, 4388438, 1582001, 2621024, 1013509, 875758, 660320
Sat Feb 21 05:00:00 +0000 2015, 4672622, 1868171, 2868958, 1240025, 1179466, 813939
Thu Mar 26 04:00:00 +0000 2015, 4724406, 1872520, 2897293, 1149901, 1101296, 970498
Sun May 24 04:00:00 +0000 2015, 3926463, 1424129, 2349662, 834670, 838683, 696547
Sun Jun 19 04:00:00 +0000 2011, 2, 0, 0, 0, 0, 0
Sun Jan 25 05:00:00 +0000 2015, 4559709, 1793936, 2825866, 1044481, 1023555, 719174
Mon Apr 27 04:00:00 +0000 2015, 4241336, 1605986, 2526446, 1209876, 940535, 663861
Sun Sep 23 04:00:00 +0000 2012, 1, 0, 0, 0, 0, 0
Thu Feb 26 05:00:00 +0000 2015, 4604829, 1835341, 2837133, 1311007, 1148974, 737861
Tue Mar 31 04:00:00 +0000 2015, 4839849, 1874895, 2981687, 1191075, 1116826, 830528
Fri May 29 04:00:00 +0000 2015, 3858977, 1353648, 2236044, 931609, 804313, 750711
Mon Aug 27 04:00:00 +0000 2012, 1, 0, 0, 0, 0, 0
Tue Nov 26 05:00:00 +0000 2013, 4355493, 1144914, 2391058, 667866, 353317, 640674
Fri Jan 30 05:00:00 +0000 2015, 4291820, 1597668, 2585006, 1135435, 953549, 674982
Sat May 2 04:00:00 +0000 2015, 4263508, 1567265, 2497153, 1097356, 965085, 773062
Tue Mar 3 05:00:00 +0000 2015, 4514824, 1822121, 2799026, 1304233, 1150067, 751323
Sun Dec 1 05:00:00 +0000 2013, 4761673, 1360875, 2660658, 645477, 471820, 740572
Tue Oct 30 04:00:00 +0000 2012, 1, 0, 0, 0, 0, 0
Wed Feb 4 05:00:00 +0000 2015, 4399951, 1639015, 2644213, 1185252, 911383, 727696
Thu May 7 04:00:00 +0000 2015, 4214182, 1535847, 2479107, 1138378, 933997, 733077
Mon Nov 4 05:00:00 +0000 2013, 4470373, 1138004, 2483079, 644417, 345317, 567232
Sun Mar 8 05:00:00 +0000 2015, 4676193, 1943648, 2938631, 1263185, 1237511, 831143
Fri Dec 6 05:00:00 +0000 2013, 4279403, 1123836, 2338580, 633488, 369439, 655885
Mon Feb 9 05:00:00 +0000 2015, 4458711, 1727988, 2713592, 1214399, 951240, 709041
Tue May 12 04:00:00 +0000 2015, 3970370, 1386389, 2298260, 1005902, 802722, 650590
Fri Aug 5 04:00:00 +0000 2011, 1, 0, 1, 0, 0, 0
Sat Nov 9 05:00:00 +0000 2013, 4521212, 1213156, 2504000, 584134, 381485, 773181
Mon Oct 8 04:00:00 +0000 2012, 1, 0, 0, 1, 0, 0
Wed Dec 11 05:00:00 +0000 2013, 4326294, 1158584, 2410349, 641178, 379072, 598840
Thu Mar 13 04:00:00 +0000 2014, 4420866, 1353486, 2547932, 800925, 571190, 687820
Sun May 17 04:00:00 +0000 2015, 4161654, 1572400, 2504685, 875100, 913065, 737165
Thu Nov 14 05:00:00 +0000 2013, 4174054, 1075760, 2306065, 625069, 329485, 574370
Sun Jan 12 05:00:00 +0000 2014, 4587756, 1290929, 2610491, 641090, 531817, 568110
Mon Dec 16 05:00:00 +0000 2013, 4345178, 1164962, 2424989, 651296, 376207, 565747
Tue Mar 18 04:00:00 +0000 2014, 4566953, 1448969, 2673212, 841433, 601417, 728133
Fri May 22 04:00:00 +0000 2015, 3705603, 1317271, 2177554, 897780, 779437, 633702
Thu Oct 18 04:00:00 +0000 2012, 1, 0, 1, 0, 0, 1
Tue Nov 19 05:00:00 +0000 2013, 4413608, 1167094, 2440203, 637231, 331025, 637226
Fri Jan 17 05:00:00 +0000 2014, 4044295, 1078603, 2232359, 674082, 442413, 512604
Sat Dec 21 05:00:00 +0000 2013, 4216581, 1129208, 2326243, 614722, 398895, 562944
Sun Mar 23 04:00:00 +0000 2014, 4716851, 1508904, 2754358, 681496, 655178, 707721
Wed Jan 22 05:00:00 +0000 2014, 4295421, 1174423, 2381052, 724752, 472444, 533961
Thu Apr 24 04:00:00 +0000 2014, 4296077, 1379819, 2503201, 727041, 614199, 644358
Thu Dec 26 05:00:00 +0000 2013, 4337045, 1158508, 2430000, 626732, 387459, 537036
Fri Mar 28 04:00:00 +0000 2014, 4385711, 1372372, 2544795, 729147, 598586, 719075
Mon Jan 27 05:00:00 +0000 2014, 4334495, 1203793, 2401608, 733184, 477441, 557745
Tue Apr 29 04:00:00 +0000 2014, 4510639, 1482623, 2643507, 751259, 658795, 684072
Tue Dec 31 05:00:00 +0000 2013, 5214274, 1352934, 2920218, 621374, 495142, 629470
Wed Apr 2 04:00:00 +0000 2014, 4519462, 1445814, 2622257, 819799, 609806, 700264
Sat Feb 1 05:00:00 +0000 2014, 4375207, 1263906, 2509764, 621608, 538973, 591337
Sun May 4 04:00:00 +0000 2014, 4557700, 1506853, 2661420, 690089, 703252, 666596
Sun Jan 5 05:00:00 +0000 2014, 4596693, 1287474, 2622199, 611135, 463826, 537017
Wed Mar 5 05:00:00 +0000 2014, 4476713, 1395805, 2555096, 784116, 570822, 704555
Mon Apr 7 04:00:00 +0000 2014, 4618129, 1478287, 2656124, 816454, 650521, 689153
Thu Feb 6 05:00:00 +0000 2014, 4223960, 1213214, 2363536, 724730, 489529, 565098
Fri May 9 04:00:00 +0000 2014, 4180997, 1356483, 2436133, 733226, 629607, 667572
Fri Jan 10 05:00:00 +0000 2014, 4179149, 1142978, 2331961, 667603, 435228, 592447
Sat Apr 12 04:00:00 +0000 2014, 4345121, 1430735, 2524335, 686756, 650647, 685386
Tue Jun 10 04:00:00 +0000 2014, 4481461, 1451418, 2626946, 787538, 665039, 706928
Tue Feb 11 05:00:00 +0000 2014, 4241926, 1232438, 2388032, 726729, 506000, 579168
Wed May 14 04:00:00 +0000 2014, 4320874, 1434772, 2526840, 752735, 652288, 700885
Sun Nov 11 05:00:00 +0000 2012, 2, 0, 0, 0, 0, 0
Thu Apr 17 04:00:00 +0000 2014, 4348754, 1421513, 2533152, 730695, 624807, 694161
Sun Jun 15 04:00:00 +0000 2014, 4693284, 1592888, 2730258, 705899, 743218, 793338
Sun Feb 16 05:00:00 +0000 2014, 4481028, 1362928, 2587589, 664200, 581382, 628142
Mon May 19 04:00:00 +0000 2014, 4295033, 1399662, 2506346, 738963, 646841, 649609
Fri Nov 16 05:00:00 +0000 2012, 1, 0, 1, 0, 0, 0
Fri Jun 20 04:00:00 +0000 2014, 4395874, 1438517, 2563478, 800134, 667760, 688220
Tue Dec 18 05:00:00 +0000 2012, 1, 0, 0, 0, 0, 0
Fri Feb 21 05:00:00 +0000 2014, 4304337, 1287521, 2442210, 750549, 532585, 645447
Sat May 24 04:00:00 +0000 2014, 4505195, 1477653, 2595314, 719727, 738529, 712277
Wed Jun 25 04:00:00 +0000 2014, 4508814, 1489562, 2656881, 824338, 684980, 727162
Wed Feb 26 05:00:00 +0000 2014, 4350621, 1316161, 2478310, 724217, 535375, 669175
Mon Mar 25 04:00:00 +0000 2013, 1, 0, 0, 0, 0, 0
Thu May 29 04:00:00 +0000 2014, 4352102, 1427605, 2550193, 766140, 670518, 662105
Mon Jun 30 04:00:00 +0000 2014, 4631577, 1527651, 2740850, 841041, 709384, 731701
Fri Dec 28 05:00:00 +0000 2012, 1, 0, 0, 1, 0, 0
Tue Jun 3 04:00:00 +0000 2014, 4326995, 1430098, 2555183, 753540, 666625, 644485
Fri Aug 1 04:00:00 +0000 2014, 4586305, 1588619, 2731846, 848943, 779982, 764624
Sat Jul 5 04:00:00 +0000 2014, 4427757, 1502470, 2603110, 753502, 729128, 694164
Wed Jan 2 05:00:00 +0000 2013, 1, 0, 1, 0, 0, 0
Thu Apr 4 04:00:00 +0000 2013, 4567501, 997427, 2572073, 552140, 225609, 565885
Sun Jun 8 04:00:00 +0000 2014, 4536825, 1487995, 2687159, 694661, 714082, 706854
Wed Aug 6 04:00:00 +0000 2014, 4540071, 1605696, 2740349, 872898, 793698, 742347
Thu Dec 6 05:00:00 +0000 2012, 1, 0, 0, 0, 0, 1
Thu Jul 10 04:00:00 +0000 2014, 4551120, 1562279, 2733035, 812898, 741726, 717839
Mon Jan 7 05:00:00 +0000 2013, 1, 0, 0, 0, 0, 0
Tue Apr 9 04:00:00 +0000 2013, 4398085, 978232, 2452359, 528828, 203636, 558323
Mon Aug 11 04:00:00 +0000 2014, 4768377, 1775099, 2919488, 888164, 896450, 823365
Fri Feb 8 05:00:00 +0000 2013, 1, 0, 0, 1, 0, 0
Wed Mar 13 04:00:00 +0000 2013, 2, 0, 1, 0, 0, 0
Sat May 11 04:00:00 +0000 2013, 4431047, 986442, 2482552, 502971, 253360, 558484
Tue Jul 15 04:00:00 +0000 2014, 4535384, 1557355, 2725729, 848294, 748541, 696989
Sat Jan 12 05:00:00 +0000 2013, 1, 0, 0, 0, 0, 0
Sun Apr 14 04:00:00 +0000 2013, 4711691, 1123047, 2655902, 495237, 254566, 573426
Sat Aug 16 04:00:00 +0000 2014, 4402605, 1562938, 2642661, 765088, 806491, 854091
Mon Mar 18 04:00:00 +0000 2013, 1, 0, 0, 1, 0, 0
Thu May 16 04:00:00 +0000 2013, 4415686, 984203, 2473525, 542123, 225915, 582332
Sun Jul 20 04:00:00 +0000 2014, 4651394, 1657349, 2792097, 797058, 821581, 854561
Wed Sep 17 04:00:00 +0000 2014, 4183787, 1420313, 2409333, 880554, 719205, 748736
Thu Jan 17 05:00:00 +0000 2013, 3, 0, 0, 1, 0, 1
Fri Apr 19 04:00:00 +0000 2013, 4389038, 1001012, 2487729, 537098, 216155, 577325
Thu Aug 21 04:00:00 +0000 2014, 4501460, 1592294, 2721179, 869695, 810833, 890252
Tue May 21 04:00:00 +0000 2013, 5105028, 1153961, 2866423, 611091, 253077, 643016
Fri Jul 25 04:00:00 +0000 2014, 4607574, 1536612, 2663742, 885129, 746806, 832577
Mon Sep 22 04:00:00 +0000 2014, 4295204, 1463658, 2459319, 961757, 748009, 765897
Tue Jan 22 05:00:00 +0000 2013, 1, 0, 0, 1, 0, 0
Wed Apr 24 04:00:00 +0000 2013, 4508113, 1009524, 2537915, 539663, 217733, 573570
Tue Aug 26 04:00:00 +0000 2014, 4488240, 1586289, 2675667, 868123, 764865, 804149
Sat Feb 23 05:00:00 +0000 2013, 1, 0, 0, 0, 1, 1
Sun May 26 04:00:00 +0000 2013, 4463374, 1009374, 2488029, 494298, 253065, 548513
Sat Sep 27 04:00:00 +0000 2014, 4190829, 1483851, 2475423, 834660, 751653, 729850
Thu Nov 24 05:00:00 +0000 2011, 1, 0, 0, 0, 0, 0
Mon Apr 29 04:00:00 +0000 2013, 4573138, 1023829, 2574730, 538907, 229399, 558925
Thu Jun 27 04:00:00 +0000 2013, 4706268, 1074014, 2658069, 543440, 258536, 548365
Sun Aug 31 04:00:00 +0000 2014, 4541636, 1655158, 2718529, 796862, 839396, 724067
Fri May 31 04:00:00 +0000 2013, 4539749, 1065337, 2559844, 554608, 246677, 598658
Thu Oct 2 04:00:00 +0000 2014, 4184261, 1477890, 2441897, 943916, 730318, 711343
Sat May 4 04:00:00 +0000 2013, 4369418, 958890, 2444521, 497947, 241107, 528464
Tue Jul 2 04:00:00 +0000 2013, 4629380, 1074022, 2611130, 549018, 262268, 544860
Fri Sep 5 04:00:00 +0000 2014, 4055206, 1358847, 2324442, 866839, 675935, 648028
Tue Mar 5 05:00:00 +0000 2013, 2, 0, 0, 0, 0, 0
Wed Jun 5 04:00:00 +0000 2013, 4516025, 1013608, 2559451, 543294, 240380, 543564
Tue Oct 7 04:00:00 +0000 2014, 4139441, 1424874, 2411681, 914881, 684849, 674870
Sun Dec 4 05:00:00 +0000 2011, 1, 0, 0, 0, 0, 1
Sun Jul 7 04:00:00 +0000 2013, 4628844, 1068336, 2588844, 511104, 279891, 524924
Wed Sep 10 04:00:00 +0000 2014, 4200753, 1414349, 2410752, 889589, 697056, 729603
Mon Nov 7 05:00:00 +0000 2011, 1, 0, 0, 0, 0, 0
Thu Jan 5 05:00:00 +0000 2012, 1, 0, 0, 0, 0, 0
Sun Mar 10 05:00:00 +0000 2013, 1, 0, 0, 0, 0, 0
Mon Jun 10 04:00:00 +0000 2013, 4602752, 1032766, 2580002, 543003, 243341, 546912
Sun Oct 12 04:00:00 +0000 2014, 4505106, 1594858, 2664587, 869066, 800149, 832219
Fri Jul 12 04:00:00 +0000 2013, 4639449, 1037722, 2625560, 560555, 269407, 557492
Mon Sep 15 04:00:00 +0000 2014, 4325870, 1459420, 2515856, 883768, 736745, 735633
Sat Jun 15 04:00:00 +0000 2013, 4385856, 996652, 2466160, 465603, 266222, 516423
Fri Oct 17 04:00:00 +0000 2014, 3965554, 1379846, 2321110, 858500, 680587, 782734
Wed Jul 17 04:00:00 +0000 2013, 4696980, 1091273, 2638296, 588487, 271127, 573960
Mon Apr 16 04:00:00 +0000 2012, 1, 0, 0, 0, 0, 0
Thu Jun 20 04:00:00 +0000 2013, 4671981, 1052173, 2597406, 556238, 241436, 568478
Sun Aug 18 04:00:00 +0000 2013, 4840972, 1168904, 2740154, 525466, 306020, 692090
Wed Oct 22 04:00:00 +0000 2014, 4237264, 1481634, 2453184, 972848, 701567, 764406
Mon Jul 22 04:00:00 +0000 2013, 4911067, 1200617, 2763778, 593996, 300098, 650167
Sat Apr 21 04:00:00 +0000 2012, 1, 0, 1, 0, 0, 0
Tue Jun 25 04:00:00 +0000 2013, 4619411, 1077121, 2626635, 543215, 254456, 541547
Fri Aug 23 04:00:00 +0000 2013, 4534351, 1022233, 2545460, 552156, 284297, 554115
Mon Oct 27 04:00:00 +0000 2014, 4359636, 1534705, 2537092, 970034, 718847, 850280
Sat Jul 27 04:00:00 +0000 2013, 4578279, 1064156, 2590007, 523938, 291479, 549976
Wed Aug 28 04:00:00 +0000 2013, 4631947, 1067949, 2591607, 568832, 277901, 572444
Sat Nov 1 04:00:00 +0000 2014, 4246592, 1520379, 2495908, 893991, 774095, 775247
Mon May 28 04:00:00 +0000 2012, 4, 0, 0, 0, 0, 1
Thu Aug 1 04:00:00 +0000 2013, 4802891, 1124324, 2701580, 526724, 194977, 594526
Mon Sep 2 04:00:00 +0000 2013, 4747804, 1137599, 2667421, 576143, 305363, 568382
Wed Apr 4 04:00:00 +0000 2012, 1, 0, 0, 1, 0, 0
Sat Jun 2 04:00:00 +0000 2012, 1, 0, 0, 0, 0, 0
Tue Aug 6 04:00:00 +0000 2013, 4993425, 1162193, 2908249, 492376, 140696, 660262
Fri Oct 4 04:00:00 +0000 2013, 4090765, 933956, 2232779, 559865, 261043, 505834
Sat Sep 7 04:00:00 +0000 2013, 4594769, 1072851, 2548578, 581773, 316832, 568127
Sun Aug 11 04:00:00 +0000 2013, 4894436, 1171253, 2767936, 434920, 148061, 583657
Wed Oct 9 04:00:00 +0000 2013, 4251473, 1006380, 2338063, 572240, 268892, 525255
Mon Nov 10 05:00:00 +0000 2014, 4207005, 1503952, 2497051, 974263, 754693, 759534
Thu Sep 12 04:00:00 +0000 2013, 4347049, 991846, 2380528, 598916, 264140, 541684
Sat Nov 15 05:00:00 +0000 2014, 4284785, 1560633, 2539865, 932685, 821938, 887217
Mon Oct 14 04:00:00 +0000 2013, 4730341, 1117084, 2678706, 599490, 299961, 586922
Tue Sep 17 04:00:00 +0000 2013, 4438628, 1016942, 2418434, 613911, 267509, 556624
Sun Jun 17 04:00:00 +0000 2012, 1, 0, 0, 0, 0, 0
Sat Oct 19 04:00:00 +0000 2013, 4286793, 1007950, 2351393, 552848, 310976, 532162
Thu Nov 20 05:00:00 +0000 2014, 4176294, 1496476, 2438366, 1007359, 784750, 809981
Sun Sep 22 04:00:00 +0000 2013, 4813484, 1140431, 2644218, 544602, 324060, 585693
Tue Nov 25 05:00:00 +0000 2014, 4275955, 1567868, 2536204, 1018293, 819925, 786996
Thu Oct 24 04:00:00 +0000 2013, 4207177, 982327, 2270737, 624440, 267764, 535241
Tue Jul 24 04:00:00 +0000 2012, 1, 0, 0, 0, 0, 0
Fri Sep 27 04:00:00 +0000 2013, 4124394, 955816, 2264049, 563970, 257362, 527749
Sat Dec 27 05:00:00 +0000 2014, 4221992, 1542472, 2533707, 958959, 830577, 663770
Sun Nov 30 05:00:00 +0000 2014, 4532952, 1659158, 2703221, 980464, 877896, 754756
Tue Oct 29 04:00:00 +0000 2013, 4306374, 1027852, 2347600, 622439, 289453, 575260
Wed Oct 2 04:00:00 +0000 2013, 4257228, 995267, 2323585, 583352, 268977, 529695
Mon Nov 3 05:00:00 +0000 2014, 4271007, 1505045, 2526337, 935797, 761581, 833744
Thu Jan 1 05:00:00 +0000 2015, 4360085, 1573883, 2576189, 889587, 812433, 707231
Mon Jul 2 04:00:00 +0000 2012, 1, 0, 0, 1, 0, 0
Sun Nov 3 04:00:00 +0000 2013, 4887451, 1291809, 2713102, 635662, 415117, 621031
Fri Dec 5 05:00:00 +0000 2014, 4148824, 1472370, 2413202, 1026053, 808814, 751453
Tue Jan 6 05:00:00 +0000 2015, 4445389, 1607510, 2691939, 1014004, 838868, 689583
Wed Apr 8 04:00:00 +0000 2015, 4440192, 1676498, 2664634, 1185192, 986336, 733696
Wed Dec 10 05:00:00 +0000 2014, 4312329, 1560427, 2520213, 1075499, 836150, 776045
Thu Mar 12 04:00:00 +0000 2015, 4168101, 1457044, 2397039, 1043432, 829183, 731250
Wed Aug 8 04:00:00 +0000 2012, 2, 0, 0, 1, 0, 2
Sun Jan 11 05:00:00 +0000 2015, 4597328, 1776631, 2856503, 1030600, 986120, 761574
Mon Apr 13 04:00:00 +0000 2015, 4155220, 1507352, 2466825, 1074420, 863645, 655181
Mon Dec 15 05:00:00 +0000 2014, 4389913, 1587579, 2572932, 1033845, 839411, 811864
Tue Mar 17 04:00:00 +0000 2015, 4425629, 1596611, 2606739, 1132113, 927772, 766985
Mon Aug 13 04:00:00 +0000 2012, 2, 0, 2, 0, 0, 0
Fri Jan 16 05:00:00 +0000 2015, 4328723, 1665060, 2631157, 1143199, 954734, 724659
Sat Apr 18 04:00:00 +0000 2015, 4023961, 1459719, 2383858, 1008538, 870052, 662151
Fri Sep 14 04:00:00 +0000 2012, 1, 0, 0, 0, 0, 0
Sat Dec 20 05:00:00 +0000 2014, 4202278, 1560881, 2507924, 987416, 861143, 702010
Tue Feb 17 05:00:00 +0000 2015, 4515644, 1779934, 2772603, 1280507, 1085912, 675715
Sun Mar 22 04:00:00 +0000 2015, 4789049, 1840027, 2899698, 1069472, 1064960, 925594
Wed Jan 21 05:00:00 +0000 2015, 4452723, 1669851, 2651894, 1178014, 935508, 711269
Thu Apr 23 04:00:00 +0000 2015, 4128223, 1526353, 2436303, 1153080, 903566, 681281
Wed Sep 19 04:00:00 +0000 2012, 2, 0, 0, 1, 0, 0
Thu Dec 25 05:00:00 +0000 2014, 4149204, 1491167, 2464064, 941064, 833785, 638280
Sun Feb 22 05:00:00 +0000 2015, 4988411, 2021835, 3075720, 1263384, 1259266, 894088
Fri Mar 27 04:00:00 +0000 2015, 4722720, 1800098, 2841276, 1136564, 1087651, 1093577
Mon May 25 04:00:00 +0000 2015, 3929203, 1422679, 2325817, 888407, 832463, 647079
Mon Jan 26 05:00:00 +0000 2015, 4526456, 1734077, 2758023, 1160472, 994431, 712161
Tue Apr 28 04:00:00 +0000 2015, 4278567, 1603616, 2540530, 1200206, 931884, 715771
Mon Sep 24 04:00:00 +0000 2012, 1, 0, 1, 1, 0, 1
Fri Feb 27 05:00:00 +0000 2015, 4386958, 1680062, 2654255, 1189282, 1036184, 739650
Wed Apr 1 04:00:00 +0000 2015, 4607690, 1755898, 2842301, 1171250, 1050502, 807380
Sat May 30 04:00:00 +0000 2015, 3976908, 1409320, 2320670, 876657, 858603, 782732
Tue Aug 28 04:00:00 +0000 2012, 3, 0, 0, 0, 0, 0
Wed Nov 27 05:00:00 +0000 2013, 4414307, 1163545, 2409020, 661156, 377026, 644308
Sat Jan 31 05:00:00 +0000 2015, 4417617, 1681426, 2693632, 1108795, 1012769, 694594
Sun May 3 04:00:00 +0000 2015, 4582323, 1757239, 2739574, 1096031, 1011685, 819130
Wed Mar 4 05:00:00 +0000 2015, 4543569, 1841664, 2816747, 1322772, 1160341, 752235
Mon Dec 2 05:00:00 +0000 2013, 4426269, 1196747, 2433924, 695421, 376205, 666684
Thu Feb 5 05:00:00 +0000 2015, 4356982, 1648267, 2635603, 1206053, 909341, 709994
Fri May 8 04:00:00 +0000 2015, 4000863, 1400475, 2314997, 1003637, 821972, 692303
Tue Nov 5 05:00:00 +0000 2013, 4312371, 1094442, 2357960, 646839, 324745, 601772
Sat Dec 7 05:00:00 +0000 2013, 4413140, 1171625, 2426268, 622623, 404006, 663678
Tue Feb 10 05:00:00 +0000 2015, 4344090, 1625287, 2609758, 1201422, 935781, 675737
Wed May 13 04:00:00 +0000 2015, 4045845, 1468727, 2377867, 1040920, 865991, 659118
Sat Aug 6 04:00:00 +0000 2011, 1, 0, 1, 0, 0, 0
Sun Nov 10 05:00:00 +0000 2013, 5059873, 1459958, 2800947, 632833, 413629, 1035899
Thu Dec 12 05:00:00 +0000 2013, 4203357, 1108446, 2330002, 636911, 357527, 589290
Fri Mar 14 04:00:00 +0000 2014, 4287722, 1301596, 2453689, 755983, 563338, 682306
Mon May 18 04:00:00 +0000 2015, 3850836, 1410605, 2297787, 929559, 807048, 606035
Fri Nov 15 05:00:00 +0000 2013, 4158139, 1054028, 2288401, 628807, 321551, 594672
Sun Oct 14 04:00:00 +0000 2012, 2, 0, 0, 0, 0, 0
Mon Jan 13 05:00:00 +0000 2014, 4510017, 1260883, 2542709, 707484, 492690, 573801
Tue Dec 17 05:00:00 +0000 2013, 4266687, 1142252, 2403705, 642987, 359015, 534141
Wed Mar 19 04:00:00 +0000 2014, 4558564, 1409242, 2642053, 823023, 585825, 704825
Sat May 23 04:00:00 +0000 2015, 3842935, 1398383, 2280732, 824096, 838351, 724113
Wed Nov 20 05:00:00 +0000 2013, 4353976, 1158450, 2422980, 634871, 347937, 634361
Sat Jan 18 05:00:00 +0000 2014, 4223929, 1146965, 2365384, 655182, 485746, 530235
Sun Dec 22 05:00:00 +0000 2013, 4448512, 1221009, 2488436, 642428, 428960, 573844
Mon Mar 24 04:00:00 +0000 2014, 4450953, 1424679, 2595785, 715808, 606952, 678299
Thu Jan 23 05:00:00 +0000 2014, 4286950, 1218914, 2393801, 711945, 505022, 529298
Fri Apr 25 04:00:00 +0000 2014, 4279463, 1378981, 2483465, 730928, 618937, 656239
Fri Dec 27 05:00:00 +0000 2013, 4517190, 1201130, 2540129, 655340, 418345, 584561
Sat Mar 29 04:00:00 +0000 2014, 4539770, 1479483, 2650721, 680455, 644965, 801263
Tue Jan 28 05:00:00 +0000 2014, 4401109, 1260667, 2469364, 724557, 491902, 627721
Wed Apr 30 04:00:00 +0000 2014, 4413681, 1428701, 2585410, 743317, 647585, 678706
Wed Jan 1 05:00:00 +0000 2014, 4392442, 1213580, 2474368, 574542, 431956, 513338
Thu Apr 3 04:00:00 +0000 2014, 4487622, 1416629, 2598977, 835681, 618092, 684369
Sun Feb 2 05:00:00 +0000 2014, 4856061, 1471512, 2787723, 635511, 614558, 657255
Mon May 5 04:00:00 +0000 2014, 4541033, 1481990, 2660689, 757283, 686112, 694327
Mon Jan 6 05:00:00 +0000 2014, 4556992, 1253864, 2554450, 652504, 432225, 546547
Thu Mar 6 05:00:00 +0000 2014, 4283162, 1294865, 2426589, 772597, 549906, 660698
Tue Apr 8 04:00:00 +0000 2014, 4581081, 1462978, 2640044, 800961, 632362, 701275
Fri Feb 7 05:00:00 +0000 2014, 4247595, 1183871, 2364975, 707530, 498877, 576793
Sat May 10 04:00:00 +0000 2014, 4416341, 1444686, 2571588, 689803, 688123, 717484
Fri Oct 7 04:00:00 +0000 2011, 1, 0, 0, 0, 0, 1
Wed Nov 7 05:00:00 +0000 2012, 1, 0, 0, 0, 0, 0
Sat Jan 11 05:00:00 +0000 2014, 4335075, 1198944, 2442911, 632696, 492921, 573319
Sun Apr 13 04:00:00 +0000 2014, 4645091, 1535186, 2710008, 697685, 681822, 767293
Wed Jun 11 04:00:00 +0000 2014, 4489903, 1452853, 2654534, 803466, 671609, 722478
Wed Feb 12 05:00:00 +0000 2014, 4339500, 1293870, 2443237, 766072, 537000, 599331
Thu May 15 04:00:00 +0000 2014, 4376131, 1479194, 2585554, 769614, 668514, 716252
Mon Nov 12 05:00:00 +0000 2012, 2, 0, 0, 1, 0, 1
Fri Apr 18 04:00:00 +0000 2014, 4392355, 1436148, 2565071, 706854, 650508, 709153
Mon Jun 16 04:00:00 +0000 2014, 4593133, 1510185, 2663916, 773051, 687049, 718978
Fri Dec 14 05:00:00 +0000 2012, 2, 0, 0, 0, 0, 0
Mon Feb 17 05:00:00 +0000 2014, 4356022, 1318595, 2490842, 729687, 547134, 584067
Tue May 20 04:00:00 +0000 2014, 4301520, 1387240, 2499206, 741541, 631988, 677380
Sat Nov 17 05:00:00 +0000 2012, 1, 0, 0, 0, 0, 0
Sat Jun 21 04:00:00 +0000 2014, 4325615, 1426085, 2507570, 730104, 691590, 652117
Sat Feb 22 05:00:00 +0000 2014, 4500738, 1368785, 2584661, 696263, 567691, 649212
Thu Mar 21 04:00:00 +0000 2013, 2, 0, 0, 0, 0, 0
Sun May 25 04:00:00 +0000 2014, 4544576, 1530272, 2683478, 708841, 739417, 710030
Thu Jun 26 04:00:00 +0000 2014, 4530779, 1501631, 2668151, 825163, 698567, 712153
Mon Dec 24 05:00:00 +0000 2012, 1, 0, 0, 0, 0, 0
Thu Feb 27 05:00:00 +0000 2014, 4242995, 1273723, 2398107, 735483, 534574, 638216
Tue Mar 26 04:00:00 +0000 2013, 1, 0, 1, 0, 0, 1
Fri May 30 04:00:00 +0000 2014, 4236492, 1359687, 2458089, 749121, 654677, 634128
Tue Nov 27 05:00:00 +0000 2012, 1, 0, 0, 0, 0, 0
Tue Jul 1 04:00:00 +0000 2014, 4732781, 1582747, 2783883, 839366, 734209, 769974
Sun Mar 31 04:00:00 +0000 2013, 893449, 212527, 494700, 81841, 42005, 106217
Wed Jun 4 04:00:00 +0000 2014, 4439174, 1459673, 2646445, 766522, 681270, 644541
Sat Aug 2 04:00:00 +0000 2014, 4430258, 1528828, 2584232, 804641, 773949, 709873
Sun Dec 2 05:00:00 +0000 2012, 1, 0, 0, 0, 0, 0
Tue Nov 1 04:00:00 +0000 2011, 1, 0, 0, 0, 0, 0
Sun Jul 6 04:00:00 +0000 2014, 4536369, 1546502, 2700875, 766884, 759060, 668123
Fri Apr 5 04:00:00 +0000 2013, 4475077, 953249, 2528626, 548894, 220455, 562837
Mon Jun 9 04:00:00 +0000 2014, 4509588, 1471522, 2650952, 775206, 679568, 691329
Thu Aug 7 04:00:00 +0000 2014, 4569259, 1625071, 2760021, 881903, 805953, 765892
Mon Feb 4 05:00:00 +0000 2013, 1, 0, 0, 0, 0, 1
Fri Jul 11 04:00:00 +0000 2014, 4633266, 1577057, 2768996, 823131, 760216, 714112
Tue Jan 8 05:00:00 +0000 2013, 1, 0, 0, 0, 0, 0
Wed Apr 10 04:00:00 +0000 2013, 4326155, 953100, 2413869, 524135, 202401, 548583
Tue Aug 12 04:00:00 +0000 2014, 4620757, 1674386, 2799321, 870910, 847976, 783513
Sat Feb 9 05:00:00 +0000 2013, 3, 0, 0, 0, 0, 0
Sun May 12 04:00:00 +0000 2013, 4526021, 1055794, 2531154, 502685, 264005, 567544
Wed Jul 16 04:00:00 +0000 2014, 4540287, 1551037, 2734182, 837531, 751439, 727995
Mon Apr 15 04:00:00 +0000 2013, 4593365, 1145477, 2623301, 541492, 229702, 601772
Sun Aug 17 04:00:00 +0000 2014, 4564929, 1645018, 2758703, 782192, 832286, 903969
Fri May 17 04:00:00 +0000 2013, 4306260, 936247, 2407528, 529459, 221167, 567751
Mon Jul 21 04:00:00 +0000 2014, 4787815, 1685143, 2883373, 888909, 812551, 849999
Thu Sep 18 04:00:00 +0000 2014, 4106442, 1389345, 2362340, 877282, 694789, 756797
Sat Apr 20 04:00:00 +0000 2013, 4321570, 959990, 2421464, 493899, 237876, 534913
Fri Aug 22 04:00:00 +0000 2014, 4509172, 1603068, 2697257, 870977, 809880, 913031
Tue Feb 19 05:00:00 +0000 2013, 1, 0, 0, 0, 0, 1
Wed May 22 04:00:00 +0000 2013, 4460497, 994364, 2506085, 542536, 223807, 556019
Sat Jul 26 04:00:00 +0000 2014, 4582118, 1604878, 2677552, 833316, 794393, 820393
Tue Sep 23 04:00:00 +0000 2014, 4324883, 1479877, 2482258, 964285, 746996, 753568
Thu Apr 25 04:00:00 +0000 2013, 4373019, 968438, 2460191, 531778, 209695, 555570
Wed Aug 27 04:00:00 +0000 2014, 4363690, 1538887, 2614450, 844371, 749686, 754449
Mon May 27 04:00:00 +0000 2013, 4479373, 1013869, 2513856, 517438, 235554, 538224
